Date,Brand,Value,Volume,Normalized Volume
2020-09-15,20 Days Net Sentiment,-0.32937268835,16099,-1.7675737893611774
2020-09-15,Net Sentiment,-2.494875458,16099,-1.7675737893611774
2020-09-14,20 Days Net Sentiment,-0.19595122950000005,11482,-1.862472251911535
2020-09-14,Net Sentiment,-0.065319631,11482,-1.862472251911535
2020-09-13,20 Days Net Sentiment,-0.16091523925,10316,-1.886438378689468
2020-09-13,Net Sentiment,-1.785575805,10316,-1.886438378689468
2020-09-12,20 Days Net Sentiment,-0.06284905280000001,10475,-1.883170270492477
2020-09-12,Net Sentiment,-1.6587112169999998,10475,-1.883170270492477
2020-09-11,20 Days Net Sentiment,-0.040142227450000005,12199,-1.8477349338156706
2020-09-11,Net Sentiment,-1.91286171,12199,-1.8477349338156706
2020-09-10,20 Days Net Sentiment,0.01285586504999997,10783,-1.8768395954945325
2020-09-10,Net Sentiment,-0.9816377629999999,10783,-1.8768395954945325
2020-09-09,20 Days Net Sentiment,0.03951557984999997,8041,-1.9331990462879225
2020-09-09,Net Sentiment,0.347593583,8041,-1.9331990462879225
2020-09-08,20 Days Net Sentiment,-0.03449833900000003,8641,-1.9208665625256927
2020-09-08,Net Sentiment,0.35238977,8641,-1.9208665625256927
2020-09-07,20 Days Net Sentiment,-0.10941027890000003,10325,-1.8862533914330346
2020-09-07,Net Sentiment,0.133171913,10325,-1.8862533914330346
2020-09-06,20 Days Net Sentiment,0.01139740914999996,15900,-1.7716640631423168
2020-09-06,Net Sentiment,0.7861635220000001,15900,-1.7716640631423168
2020-09-05,20 Days Net Sentiment,-0.012997858349999988,8508,-1.923600263092987
2020-09-05,Net Sentiment,0.553596615,8508,-1.923600263092987
2020-09-04,20 Days Net Sentiment,-0.18499945565,10182,-1.889192633396366
2020-09-04,Net Sentiment,1.2031035159999999,10182,-1.889192633396366
2020-09-03,20 Days Net Sentiment,-0.38712096185,17516,-1.7384485735427115
2020-09-03,Net Sentiment,-0.689655172,17516,-1.7384485735427115
2020-09-02,20 Days Net Sentiment,-0.35757656655000003,12516,-1.8412192715612925
2020-09-02,Net Sentiment,-0.6791307129999999,12516,-1.8412192715612925
2020-09-01,20 Days Net Sentiment,-0.30207266605000005,12250,-1.8466866726958808
2020-09-01,Net Sentiment,-0.918367347,12250,-1.8466866726958808
2020-08-31,20 Days Net Sentiment,-0.27117196655,11316,-1.865884239085752
2020-08-31,Net Sentiment,0.110463061,11316,-1.865884239085752
2020-08-30,20 Days Net Sentiment,-0.30672918220000006,8249,-1.9289237852503494
2020-08-30,Net Sentiment,-0.373984725,8249,-1.9289237852503494
2020-08-29,20 Days Net Sentiment,-0.308908018,7125,-1.9520266381649265
2020-08-29,Net Sentiment,0.614035088,7125,-1.9520266381649265
2020-08-28,20 Days Net Sentiment,-0.12981691920000005,8716,-1.919325002055414
2020-08-28,Net Sentiment,0.564479119,8716,-1.919325002055414
2020-08-27,20 Days Net Sentiment,-0.025042831000000022,10157,-1.889706486886459
2020-08-27,Net Sentiment,0.30766958699999997,10157,-1.889706486886459
2020-08-26,20 Days Net Sentiment,0.0006858569500000023,15125,-1.787593521335197
2020-08-26,Net Sentiment,0.173553719,15125,-1.787593521335197
2020-08-25,20 Days Net Sentiment,0.017934096950000044,30949,-1.462344816245992
2020-08-25,Net Sentiment,0.635400174,30949,-1.462344816245992
2020-08-24,20 Days Net Sentiment,-0.021549547449999994,8791,-1.9177834415851351
2020-08-24,Net Sentiment,0.17574792399999997,8791,-1.9177834415851351
2020-08-23,20 Days Net Sentiment,-0.08580512654999997,10099,-1.8908986269834744
2020-08-23,Net Sentiment,-1.20457471,10099,-1.8908986269834744
2020-08-22,20 Days Net Sentiment,-0.04124495695,9966,-1.8936323275507687
2020-08-22,Net Sentiment,-0.85289986,9966,-1.8936323275507687
2020-08-21,20 Days Net Sentiment,-0.028061243399999946,8641,-1.9208665625256927
2020-08-21,Net Sentiment,-0.44844346700000004,8641,-1.9208665625256927
2020-08-20,20 Days Net Sentiment,-0.0030008260500000083,12541,-1.8407054180711995
2020-08-20,Net Sentiment,-1.132684794,12541,-1.8407054180711995
2020-08-19,20 Days Net Sentiment,0.058410483699999946,13274,-1.8256392337416756
2020-08-19,Net Sentiment,-1.145849028,13274,-1.8256392337416756
2020-08-18,20 Days Net Sentiment,0.10760148084999999,16016,-1.7692797829482858
2020-08-18,Net Sentiment,2.549325674,16016,-1.7692797829482858
2020-08-17,20 Days Net Sentiment,-0.01270722154999998,8382,-1.926190084683055
2020-08-17,Net Sentiment,0.298258172,8382,-1.926190084683055
2020-08-16,20 Days Net Sentiment,-0.010396560599999976,15216,-1.7857230946312588
2020-08-16,Net Sentiment,-2.8864353310000004,15216,-1.7857230946312588
2020-08-15,20 Days Net Sentiment,0.09532679849999999,16157,-1.7663816492641617
2020-08-15,Net Sentiment,-2.839326608,16157,-1.7663816492641617
2020-08-14,20 Days Net Sentiment,0.13450622474999993,6733,-1.9600838608895832
2020-08-14,Net Sentiment,-0.09876726599999999,6733,-1.9600838608895832
2020-08-13,20 Days Net Sentiment,0.0770464625499999,8899,-1.915563594507934
2020-08-13,Net Sentiment,0.430947297,8899,-1.915563594507934
2020-08-12,20 Days Net Sentiment,0.06157892849999993,7641,-1.9414207021294088
2020-08-12,Net Sentiment,-0.300353357,7641,-1.9414207021294088
2020-08-11,20 Days Net Sentiment,0.07074173654999996,7633,-1.9415851352462385
2020-08-11,Net Sentiment,-0.600681252,7633,-1.9415851352462385
2020-08-10,20 Days Net Sentiment,0.04643860689999992,8382,-1.926190084683055
2020-08-10,Net Sentiment,-0.41756144100000003,8382,-1.926190084683055
2020-08-09,20 Days Net Sentiment,0.04667309975000002,39682,-1.2828455150867386
2020-08-09,Net Sentiment,4.195857064,39682,-1.2828455150867386
2020-08-08,20 Days Net Sentiment,-0.04187511825000001,14316,-1.8042218202746034
2020-08-08,Net Sentiment,2.659960883,14316,-1.8042218202746034
2020-08-07,20 Days Net Sentiment,-0.05761719765000002,8416,-1.9254912439365288
2020-08-07,Net Sentiment,0.8222433459999999,8416,-1.9254912439365288
2020-08-06,20 Days Net Sentiment,-0.10909247549999998,6750,-1.95973444051632
2020-08-06,Net Sentiment,0.518518519,6750,-1.95973444051632
2020-08-05,20 Days Net Sentiment,-0.16586898395,7033,-1.9539176190084684
2020-08-05,Net Sentiment,-0.154272714,7033,-1.9539176190084684
2020-08-04,20 Days Net Sentiment,-0.16019449994999996,8266,-1.9285743648770863
2020-08-04,Net Sentiment,-1.109363658,8266,-1.9285743648770863
2020-08-03,20 Days Net Sentiment,-0.09557817205000005,8249,-1.9289237852503494
2020-08-03,Net Sentiment,-0.313371318,8249,-1.9289237852503494
2020-08-02,20 Days Net Sentiment,-0.1369507375,7425,-1.9458603962838115
2020-08-02,Net Sentiment,-0.589225589,7425,-1.9458603962838115
2020-08-01,20 Days Net Sentiment,-0.16031942790000003,7107,-1.9523966126777934
2020-08-01,Net Sentiment,0.05276488,7107,-1.9523966126777934
2020-07-31,20 Days Net Sentiment,-0.29710485685,7850,-1.9371248869522322
2020-07-31,Net Sentiment,0.095541401,7850,-1.9371248869522322
2020-07-30,20 Days Net Sentiment,-0.51952601185,8733,-1.9189755816821508
2020-07-30,Net Sentiment,-0.162029085,8733,-1.9189755816821508
2020-07-29,20 Days Net Sentiment,-0.59290542005,8732,-1.9189961358217544
2020-07-29,Net Sentiment,0.143151626,8732,-1.9189961358217544
2020-07-28,20 Days Net Sentiment,-0.6353277052000001,11133,-1.8696456466332319
2020-07-28,Net Sentiment,0.344471391,11133,-1.8696456466332319
2020-07-27,20 Days Net Sentiment,-0.7747197261500001,14191,-1.806791087725068
2020-07-27,Net Sentiment,-0.7719681490000001,14191,-1.806791087725068
2020-07-26,20 Days Net Sentiment,-0.8542613300500002,17349,-1.741881114856532
2020-07-26,Net Sentiment,-2.055738083,17349,-1.741881114856532
2020-07-25,20 Days Net Sentiment,-0.8245273133,9816,-1.8967154484913262
2020-07-25,Net Sentiment,-1.24796251,9816,-1.8967154484913262
2020-07-24,20 Days Net Sentiment,-0.84046804385,7566,-1.9429622625996876
2020-07-24,Net Sentiment,0.12159661599999999,7566,-1.9429622625996876
2020-07-23,20 Days Net Sentiment,-0.81705546295,9949,-1.893981747924032
2020-07-23,Net Sentiment,-0.117097196,9949,-1.893981747924032
2020-07-22,20 Days Net Sentiment,-0.9081938775999999,12266,-1.8463578064622215
2020-07-22,Net Sentiment,-1.086743845,12266,-1.8463578064622215
2020-07-21,20 Days Net Sentiment,-0.8293574585499999,9991,-1.893118474060676
2020-07-21,Net Sentiment,-0.41287158399999996,9991,-1.893118474060676
2020-07-20,20 Days Net Sentiment,-0.6579665819499997,17475,-1.739291293266464
2020-07-20,Net Sentiment,2.424892704,17475,-1.739291293266464
2020-07-19,20 Days Net Sentiment,-0.6036105299999998,19741,-1.692715612924443
2020-07-19,Net Sentiment,2.345119295,19741,-1.692715612924443
2020-07-18,20 Days Net Sentiment,-0.83219477715,6224,-1.9705459179478746
2020-07-18,Net Sentiment,-0.207262211,6224,-1.9705459179478746
2020-07-17,20 Days Net Sentiment,-0.89814197035,8841,-1.9167557346049495
2020-07-17,Net Sentiment,-0.61701165,8841,-1.9167557346049495
2020-07-16,20 Days Net Sentiment,-0.9414841308499999,15325,-1.7834826934144536
2020-07-16,Net Sentiment,-0.040783033999999996,15325,-1.7834826934144536
2020-07-15,20 Days Net Sentiment,-1.0131585878,11833,-1.8552577489106306
2020-07-15,Net Sentiment,0.18296289999999998,11833,-1.8552577489106306
2020-07-14,20 Days Net Sentiment,-1.06779885705,10041,-1.89209076708049
2020-07-14,Net Sentiment,-1.140822627,10041,-1.89209076708049
2020-07-13,20 Days Net Sentiment,-0.9940657419999998,12933,-1.8326481953465428
2020-07-13,Net Sentiment,-1.056599397,12933,-1.8326481953465428
2020-07-12,20 Days Net Sentiment,-1.0491520269999994,14458,-1.8013031324508757
2020-07-12,Net Sentiment,-2.682943699,14458,-1.8013031324508757
2020-07-11,20 Days Net Sentiment,-0.9701986863999996,46483,-1.1430568116418647
2020-07-11,Net Sentiment,-4.352881699,46483,-1.1430568116418647
2020-07-10,20 Days Net Sentiment,-0.7499857564000001,11966,-1.8525240483433363
2020-07-10,Net Sentiment,-1.629617249,11966,-1.8525240483433363
2020-07-09,20 Days Net Sentiment,-0.6864579615000002,14299,-1.8045712406478664
2020-07-09,Net Sentiment,-0.705294077,14299,-1.8045712406478664
2020-07-08,20 Days Net Sentiment,-0.7139363163500001,19424,-1.699231275178821
2020-07-08,Net Sentiment,-2.443369028,19424,-1.699231275178821
2020-07-07,20 Days Net Sentiment,-0.6257520468500001,22941,-1.626942366192551
2020-07-07,Net Sentiment,-2.3628002269999997,22941,-1.626942366192551
2020-07-06,20 Days Net Sentiment,-0.43067902680000003,8641,-1.9208665625256927
2020-07-06,Net Sentiment,-1.4610577480000002,8641,-1.9208665625256927
2020-07-05,20 Days Net Sentiment,-0.5342466670999999,6941,-1.9558085998520103
2020-07-05,Net Sentiment,-1.5667771209999999,6941,-1.9558085998520103
2020-07-04,20 Days Net Sentiment,-0.63088057015,7841,-1.9373098742086656
2020-07-04,Net Sentiment,0.589848234,7841,-1.9373098742086656
2020-07-03,20 Days Net Sentiment,-0.6368376459999999,15166,-1.7867508016114446
2020-07-03,Net Sentiment,-1.939865489,15166,-1.7867508016114446
2020-07-02,20 Days Net Sentiment,-0.7083989821000001,27807,-1.5269259228808683
2020-07-02,Net Sentiment,0.489984536,27807,-1.5269259228808683
2020-07-01,20 Days Net Sentiment,-0.9159269603,41349,-1.2485817643673436
2020-07-01,Net Sentiment,3.0149459480000003,41349,-1.2485817643673436
2020-06-30,20 Days Net Sentiment,-1.2246940797,44241,-1.1891391926333963
2020-06-30,Net Sentiment,3.5120137430000002,44241,-1.1891391926333963
2020-06-29,20 Days Net Sentiment,-1.4909096925000003,12407,-1.8434596727780974
2020-06-29,Net Sentiment,-2.2265656480000002,12407,-1.8434596727780974
2020-06-28,20 Days Net Sentiment,-1.3982371302999999,13432,-1.8223916796842885
2020-06-28,Net Sentiment,-1.526206075,13432,-1.8223916796842885
2020-06-27,20 Days Net Sentiment,-1.3445070179,12016,-1.8514963413631504
2020-06-27,Net Sentiment,-1.48385486,12016,-1.8514963413631504
2020-06-26,20 Days Net Sentiment,-1.4803444408000002,11816,-1.8556071692838938
2020-06-26,Net Sentiment,-1.4742721730000001,11816,-1.8556071692838938
2020-06-25,20 Days Net Sentiment,-1.63068004915,11491,-1.8622872646551016
2020-06-25,Net Sentiment,-0.909842485,11491,-1.8622872646551016
2020-06-24,20 Days Net Sentiment,-1.7561657426,14483,-1.8007892789607827
2020-06-24,Net Sentiment,0.333839674,14483,-1.8007892789607827
2020-06-23,20 Days Net Sentiment,-1.8787327088999999,22258,-1.6409808435418893
2020-06-23,Net Sentiment,-2.158325097,22258,-1.6409808435418893
2020-06-22,20 Days Net Sentiment,-1.9208221549999998,6758,-1.9595700073994902
2020-06-22,Net Sentiment,-1.103876887,6758,-1.9595700073994902
2020-06-21,20 Days Net Sentiment,-1.9279523644499998,4866,-1.9984584395297214
2020-06-21,Net Sentiment,0.051376900999999996,4866,-1.9984584395297214
2020-06-20,20 Days Net Sentiment,-1.9787238678500003,7074,-1.953074899284716
2020-06-20,Net Sentiment,-0.35906135100000003,7074,-1.953074899284716
2020-06-19,20 Days Net Sentiment,-2.0278051016500003,11057,-1.8712077612431144
2020-06-19,Net Sentiment,-1.254861174,11057,-1.8712077612431144
2020-06-18,20 Days Net Sentiment,-2.0333630573500003,18207,-1.7242456630765437
2020-06-18,Net Sentiment,-0.679683638,18207,-1.7242456630765437
2020-06-17,20 Days Net Sentiment,-1.9648629532500004,27108,-1.5412932664638659
2020-06-17,Net Sentiment,1.538660174,27108,-1.5412932664638659
2020-06-16,20 Days Net Sentiment,-2.1546991877500004,32366,-1.4332196004275262
2020-06-16,Net Sentiment,-3.5324105539999997,32366,-1.4332196004275262
2020-06-15,20 Days Net Sentiment,-1.9403548749000001,34874,-1.3816698183014058
2020-06-15,Net Sentiment,-3.4994551819999997,34874,-1.3816698183014058
2020-06-14,20 Days Net Sentiment,-1.6199124713,34257,-1.3943517224368986
2020-06-14,Net Sentiment,0.47070671700000005,34257,-1.3943517224368986
2020-06-13,20 Days Net Sentiment,-1.5224198548499999,68549,-0.6895091671462632
2020-06-13,Net Sentiment,-3.371092211,68549,-0.6895091671462632
2020-06-12,20 Days Net Sentiment,-1.3105673548,199399,2.0
2020-06-12,Net Sentiment,-3.6605750280000002,199399,2.0
2020-06-11,20 Days Net Sentiment,-1.0738943090500002,138432,0.7468757707802349
2020-06-11,Net Sentiment,-3.16039644,138432,0.7468757707802349
2020-06-10,20 Days Net Sentiment,-0.8727223277500002,20783,-1.6712981994573708
2020-06-10,Net Sentiment,-1.8122985130000002,20783,-1.6712981994573708
2020-06-09,20 Days Net Sentiment,-0.76388533125,7491,-1.9445038230699663
2020-06-09,Net Sentiment,-0.373114404,7491,-1.9445038230699663
2020-06-08,20 Days Net Sentiment,-0.73732326145,7108,-1.9523760585381895
2020-06-08,Net Sentiment,-0.451603827,7108,-1.9523760585381895
2020-06-07,20 Days Net Sentiment,-0.65448206705,33150,-1.4171051549782128
2020-06-07,Net Sentiment,-4.200603318,33150,-1.4171051549782128
2020-06-06,20 Days Net Sentiment,-0.43550031135000006,55875,-0.9500123324837622
2020-06-06,Net Sentiment,-4.48098434,55875,-0.9500123324837622
2020-06-05,20 Days Net Sentiment,-0.22654128039999982,26733,-1.5490010688152593
2020-06-05,Net Sentiment,-3.4195563539999996,26733,-1.5490010688152593
2020-06-04,20 Days Net Sentiment,0.0002178081000000942,14366,-1.8031941132944176
2020-06-04,Net Sentiment,-2.117499652,14366,-1.8031941132944176
2020-06-03,20 Days Net Sentiment,0.14394029964999994,17541,-1.7379347200526185
2020-06-03,Net Sentiment,-3.0001140189999997,17541,-1.7379347200526185
2020-06-02,20 Days Net Sentiment,0.30423431995,9591,-1.9013401299021624
2020-06-02,Net Sentiment,-1.246481076,9591,-1.9013401299021624
2020-06-01,20 Days Net Sentiment,0.3722949501499999,18583,-1.7165173065855464
2020-06-01,Net Sentiment,-0.964053167,18583,-1.7165173065855464
2020-05-31,20 Days Net Sentiment,0.43345360155,19766,-1.6922017594343501
2020-05-31,Net Sentiment,-1.340686027,19766,-1.6922017594343501
2020-05-30,20 Days Net Sentiment,0.6359296217000001,14491,-1.8006248458439529
2020-05-30,Net Sentiment,-1.366020288,14491,-1.8006248458439529
2020-05-29,20 Days Net Sentiment,0.7055988925500001,9358,-1.9061292444298281
2020-05-29,Net Sentiment,0.6903184440000001,9358,-1.9061292444298281
2020-05-28,20 Days Net Sentiment,0.7334609477,15500,-1.7798857189838033
2020-05-28,Net Sentiment,-2.258064516,15500,-1.7798857189838033
2020-05-27,20 Days Net Sentiment,0.8892934664500002,9775,-1.8975581682150786
2020-05-27,Net Sentiment,0.754475703,9775,-1.8975581682150786
2020-05-26,20 Days Net Sentiment,0.8505383024000002,14149,-1.807654361588424
2020-05-26,Net Sentiment,2.90939289,14149,-1.807654361588424
2020-05-25,20 Days Net Sentiment,0.7050686579000001,10983,-1.8727287675737894
2020-05-25,Net Sentiment,2.420559046,10983,-1.8727287675737894
2020-05-24,20 Days Net Sentiment,0.62207266385,6207,-1.9708953383211378
2020-05-24,Net Sentiment,0.86595779,6207,-1.9708953383211378
2020-05-23,20 Days Net Sentiment,0.6758211878500001,7107,-1.9523966126777934
2020-05-23,Net Sentiment,1.072885887,7107,-1.9523966126777934
2020-05-22,20 Days Net Sentiment,0.7309855230500001,7433,-1.945695963166982
2020-05-22,Net Sentiment,0.863043186,7433,-1.945695963166982
2020-05-21,20 Days Net Sentiment,0.6823211910500001,8808,-1.9174340212118721
2020-05-21,Net Sentiment,0.36444141700000005,8808,-1.9174340212118721
2020-05-20,20 Days Net Sentiment,0.7206821517499999,8158,-1.9307942119542876
2020-05-20,Net Sentiment,0.158126992,8158,-1.9307942119542876
2020-05-19,20 Days Net Sentiment,0.7159766429500001,7816,-1.9378237276987584
2020-05-19,Net Sentiment,1.205220061,7816,-1.9378237276987584
2020-05-18,20 Days Net Sentiment,0.6339765094499998,6982,-1.954965880128258
2020-05-18,Net Sentiment,0.17903179600000002,6982,-1.954965880128258
2020-05-17,20 Days Net Sentiment,0.6318890190999998,7041,-1.9537531858916386
2020-05-17,Net Sentiment,-0.301803721,7041,-1.9537531858916386
2020-05-16,20 Days Net Sentiment,0.6997172799,7507,-1.944174956836307
2020-05-16,Net Sentiment,1.1156254159999999,7507,-1.944174956836307
2020-05-15,20 Days Net Sentiment,0.6694660615999999,7266,-1.9491285044808024
2020-05-15,Net Sentiment,0.7569501790000001,7266,-1.9491285044808024
2020-05-14,20 Days Net Sentiment,0.6065433269499999,8116,-1.9316574858176436
2020-05-14,Net Sentiment,0.205766387,8116,-1.9316574858176436
2020-05-13,20 Days Net Sentiment,0.6307738360499998,8716,-1.919325002055414
2020-05-13,Net Sentiment,0.11473152800000001,8716,-1.919325002055414
2020-05-12,20 Days Net Sentiment,0.6219542483999998,6908,-1.9564868864589329
2020-05-12,Net Sentiment,0.259119861,6908,-1.9564868864589329
2020-05-11,20 Days Net Sentiment,0.59103395315,12474,-1.8420825454246486
2020-05-11,Net Sentiment,2.7088343760000004,12474,-1.8420825454246486
2020-05-10,20 Days Net Sentiment,0.36861114715,7674,-1.9407424155224862
2020-05-10,Net Sentiment,0.027365129,7674,-1.9407424155224862
2020-05-09,20 Days Net Sentiment,0.33750012544999997,7683,-1.9405574282660527
2020-05-09,Net Sentiment,1.247559547,7683,-1.9405574282660527
2020-05-08,20 Days Net Sentiment,0.23487945370000002,7524,-1.9438255364630437
2020-05-08,Net Sentiment,0.8585858590000001,7524,-1.9438255364630437
2020-05-07,20 Days Net Sentiment,0.17170789105,7999,-1.9340623201512785
2020-05-07,Net Sentiment,-0.020627578,7999,-1.9340623201512785
2020-05-06,20 Days Net Sentiment,0.09891518219999995,7600,-1.9422634218531611
2020-05-06,Net Sentiment,0.0,7600,-1.9422634218531611
2020-05-05,20 Days Net Sentiment,0.04597324334999995,6133,-1.9724163446518128
2020-05-05,Net Sentiment,0.760639165,6133,-1.9724163446518128
2020-05-04,20 Days Net Sentiment,-0.03557642229999995,11850,-1.8549083285373675
2020-05-04,Net Sentiment,1.94092827,11850,-1.8549083285373675
2020-05-03,20 Days Net Sentiment,-0.15944462239999999,11449,-1.8631505385184577
2020-05-03,Net Sentiment,2.176172591,11449,-1.8631505385184577
2020-05-02,20 Days Net Sentiment,-0.44925551205,8708,-1.9194894351722436
2020-05-02,Net Sentiment,-0.110243454,8708,-1.9194894351722436
2020-05-01,20 Days Net Sentiment,-0.6165127443,7732,-1.9395502754254708
2020-05-01,Net Sentiment,1.131660631,7732,-1.9395502754254708
2020-04-30,20 Days Net Sentiment,-0.71942475575,5233,-1.9909150702951575
2020-04-30,Net Sentiment,0.06401681599999999,5233,-1.9909150702951575
2020-04-29,20 Days Net Sentiment,-0.7404296037,5750,-1.9802885801200363
2020-04-29,Net Sentiment,-0.434782609,5750,-1.9802885801200363
2020-04-28,20 Days Net Sentiment,-0.72142159995,5791,-1.979445860396284
2020-04-28,Net Sentiment,0.137281989,5791,-1.979445860396284
2020-04-27,20 Days Net Sentiment,-0.67102716845,5807,-1.9791169941626243
2020-04-27,Net Sentiment,1.054761495,5807,-1.9791169941626243
2020-04-26,20 Days Net Sentiment,-0.75557758255,5141,-1.9928060511386994
2020-04-26,Net Sentiment,0.51060105,5141,-1.9928060511386994
2020-04-25,20 Days Net Sentiment,-0.7956044853,5982,-1.975520019731974
2020-04-25,Net Sentiment,-0.501504514,5982,-1.975520019731974
2020-04-24,20 Days Net Sentiment,-0.7266270028499999,5975,-1.9756638987092001
2020-04-24,Net Sentiment,0.6903765690000001,5975,-1.9756638987092001
2020-04-23,20 Days Net Sentiment,-0.790994853,5433,-1.986804242374414
2020-04-23,Net Sentiment,-0.061660225,5433,-1.986804242374414
2020-04-22,20 Days Net Sentiment,-0.775509118,6499,-1.9648935295568528
2020-04-22,Net Sentiment,-0.35928604399999997,6499,-1.9648935295568528
2020-04-21,20 Days Net Sentiment,-0.6786600651500001,8407,-1.9256762311929623
2020-04-21,Net Sentiment,-1.7396217440000001,8407,-1.9256762311929623
2020-04-20,20 Days Net Sentiment,-0.57115492145,7775,-1.9386664474225108
2020-04-20,Net Sentiment,-0.594855305,7775,-1.9386664474225108
2020-04-19,20 Days Net Sentiment,-0.5265549185,6057,-1.9739784592616954
2020-04-19,Net Sentiment,-0.804853888,6057,-1.9739784592616954
2020-04-18,20 Days Net Sentiment,-0.44808332645000004,6274,-1.969518210967689
2020-04-18,Net Sentiment,-0.40484539399999997,6274,-1.969518210967689
2020-04-17,20 Days Net Sentiment,-0.4345392759,9482,-1.9035805311189673
2020-04-17,Net Sentiment,-1.476481755,9482,-1.9035805311189673
2020-04-16,20 Days Net Sentiment,-0.38111163695,7716,-1.9398791416591301
2020-04-16,Net Sentiment,-1.058838777,7716,-1.9398791416591301
2020-04-15,20 Days Net Sentiment,-0.31825441125000004,7991,-1.9342267532681081
2020-04-15,Net Sentiment,-0.870354148,7991,-1.9342267532681081
2020-04-14,20 Days Net Sentiment,-0.29572907025000006,6683,-1.961111567869769
2020-04-14,Net Sentiment,-0.536435732,6683,-1.961111567869769
2020-04-13,20 Days Net Sentiment,-0.26271012760000007,23008,-1.6255652388391022
2020-04-13,Net Sentiment,-3.620045202,23008,-1.6255652388391022
2020-04-12,20 Days Net Sentiment,-0.12329985054999999,14133,-1.8079832278220833
2020-04-12,Net Sentiment,-3.455388099,14133,-1.8079832278220833
2020-04-11,20 Days Net Sentiment,0.04235315745000003,5666,-1.9820151278467484
2020-04-11,Net Sentiment,-0.926579598,5666,-1.9820151278467484
2020-04-10,20 Days Net Sentiment,0.20769759800000004,5041,-1.994861465099071
2020-04-10,Net Sentiment,-0.35608014299999996,5041,-1.994861465099071
2020-04-09,20 Days Net Sentiment,0.2682062315,6133,-1.9724163446518128
2020-04-09,Net Sentiment,-0.054622534,6133,-1.9724163446518128
2020-04-08,20 Days Net Sentiment,0.23676598594999998,6916,-1.956322453342103
2020-04-08,Net Sentiment,1.1451706190000002,6916,-1.956322453342103
2020-04-07,20 Days Net Sentiment,0.06611982190000001,6224,-1.9705459179478746
2020-04-07,Net Sentiment,-0.636246787,6224,-1.9705459179478746
2020-04-06,20 Days Net Sentiment,-0.07400476379999998,6191,-1.9712242045547974
2020-04-06,Net Sentiment,-0.289937005,6191,-1.9712242045547974
2020-04-05,20 Days Net Sentiment,-0.17340574455000005,6691,-1.9609471347529392
2020-04-05,Net Sentiment,0.878045135,6691,-1.9609471347529392
2020-04-04,20 Days Net Sentiment,-0.30698069595,6491,-1.9650579626736824
2020-04-04,Net Sentiment,-0.596980434,6491,-1.9650579626736824
2020-04-03,20 Days Net Sentiment,-0.3724355416500001,8224,-1.9294376387404424
2020-04-03,Net Sentiment,0.248054475,8224,-1.9294376387404424
2020-04-02,20 Days Net Sentiment,-0.38848351455,9666,-1.8997985694318835
2020-04-02,Net Sentiment,1.577695013,9666,-1.8997985694318835
2020-04-01,20 Days Net Sentiment,-0.43609609684999995,5591,-1.983556688317027
2020-04-01,Net Sentiment,0.41048113,5591,-1.983556688317027
2020-03-31,20 Days Net Sentiment,-0.44040507125,6024,-1.974656745868618
2020-03-31,Net Sentiment,0.297144754,6024,-1.974656745868618
2020-03-30,20 Days Net Sentiment,-0.4729966278,7357,-1.9472580777768642
2020-03-30,Net Sentiment,0.764577953,7357,-1.9472580777768642
2020-03-29,20 Days Net Sentiment,-0.51209879635,6233,-1.9703609306914414
2020-03-29,Net Sentiment,-0.13396438300000002,6233,-1.9703609306914414
2020-03-28,20 Days Net Sentiment,-0.48917149470000004,6533,-1.9641946888103263
2020-03-28,Net Sentiment,-0.407928976,6533,-1.9641946888103263
2020-03-27,20 Days Net Sentiment,-0.46530688610000004,7791,-1.9383375811888515
2020-03-27,Net Sentiment,0.19830573699999998,7791,-1.9383375811888515
2020-03-26,20 Days Net Sentiment,-0.52230199815,9825,-1.8965304612348928
2020-03-26,Net Sentiment,-0.41984732799999996,9825,-1.8965304612348928
2020-03-25,20 Days Net Sentiment,-0.5322832980500001,10408,-1.8845473978459262
2020-03-25,Net Sentiment,0.12394312099999999,10408,-1.8845473978459262
2020-03-24,20 Days Net Sentiment,-0.56462266775,12274,-1.8461933733453917
2020-03-24,Net Sentiment,-0.831839661,12274,-1.8461933733453917
2020-03-23,20 Days Net Sentiment,-0.54517009725,10258,-1.8876305187864837
2020-03-23,Net Sentiment,-0.14232793900000001,10258,-1.8876305187864837
2020-03-22,20 Days Net Sentiment,-0.49065110289999997,17399,-1.7408534078763462
2020-03-22,Net Sentiment,2.3803092130000003,17399,-1.7408534078763462
2020-03-21,20 Days Net Sentiment,-0.5980200689,15174,-1.7865863684946148
2020-03-21,Net Sentiment,0.854092527,15174,-1.7865863684946148
2020-03-20,20 Days Net Sentiment,-0.6849314989,11157,-1.8691523472827427
2020-03-20,Net Sentiment,-0.683427445,11157,-1.8691523472827427
2020-03-19,20 Days Net Sentiment,-0.6600011320500001,23757,-1.6101701882759187
2020-03-19,Net Sentiment,-2.267752662,23757,-1.6101701882759187
2020-03-18,20 Days Net Sentiment,-0.5154006028000001,41633,-1.2427443887198883
2020-03-18,Net Sentiment,-3.4387385010000004,41633,-1.2427443887198883
2020-03-17,20 Days Net Sentiment,-0.3102538225,18949,-1.7089944914905861
2020-03-17,Net Sentiment,-2.27795662,18949,-1.7089944914905861
2020-03-16,20 Days Net Sentiment,-0.17632184010000002,13382,-1.8234193866644741
2020-03-16,Net Sentiment,-1.7934538930000001,13382,-1.8234193866644741
2020-03-15,20 Days Net Sentiment,-0.17530455220000002,13575,-1.8194524377209569
2020-03-15,Net Sentiment,-1.9060773480000002,13575,-1.8194524377209569
2020-03-14,20 Days Net Sentiment,-0.11319534085000002,6241,-1.9701964975746116
2020-03-14,Net Sentiment,-0.07290498299999999,6241,-1.9701964975746116
2020-03-13,20 Days Net Sentiment,-0.020552843900000006,8458,-1.9246279700731728
2020-03-13,Net Sentiment,0.625443367,8458,-1.9246279700731728
2020-03-12,20 Days Net Sentiment,0.03548796169999998,8341,-1.9270328044068075
2020-03-12,Net Sentiment,0.324301642,8341,-1.9270328044068075
2020-03-11,20 Days Net Sentiment,0.14377184714999997,9741,-1.8982570089616049
2020-03-11,Net Sentiment,-0.35468637700000005,9741,-1.8982570089616049
2020-03-10,20 Days Net Sentiment,0.2936829436,7157,-1.9513689056976076
2020-03-10,Net Sentiment,-0.017465418,7157,-1.9513689056976076
2020-03-09,20 Days Net Sentiment,0.10520877270000002,6932,-1.9559935871084437
2020-03-09,Net Sentiment,0.32458165,6932,-1.9559935871084437
2020-03-08,20 Days Net Sentiment,-0.11461244290000001,5983,-1.9754994655923703
2020-03-08,Net Sentiment,0.069363196,5983,-1.9754994655923703
2020-03-07,20 Days Net Sentiment,-0.1728863111,9383,-1.9056153909397353
2020-03-07,Net Sentiment,-0.9415965040000001,9383,-1.9056153909397353
2020-03-06,20 Days Net Sentiment,-0.10408769415,10291,-1.8869522321795609
2020-03-06,Net Sentiment,-0.619473326,10291,-1.8869522321795609
2020-03-05,20 Days Net Sentiment,-0.02651370820000002,12432,-1.8429458192880046
2020-03-05,Net Sentiment,-0.5228442729999999,12432,-1.8429458192880046
2020-03-04,20 Days Net Sentiment,0.14091767365000002,9124,-1.9109389130970977
2020-03-04,Net Sentiment,-0.442788251,9124,-1.9109389130970977
2020-03-03,20 Days Net Sentiment,0.23326928304999991,9625,-1.900641289155636
2020-03-03,Net Sentiment,0.9480519479999999,9625,-1.900641289155636
2020-03-02,20 Days Net Sentiment,0.2948267505,8758,-1.918461728192058
2020-03-02,Net Sentiment,0.232929893,8758,-1.918461728192058
2020-03-01,20 Days Net Sentiment,0.21304293934999996,8907,-1.915399161391104
2020-03-01,Net Sentiment,-0.884136073,8907,-1.915399161391104
2020-02-29,20 Days Net Sentiment,0.06092031669999998,8116,-1.9316574858176436
2020-02-29,Net Sentiment,-0.184820108,8116,-1.9316574858176436
2020-02-28,20 Days Net Sentiment,-0.11254253285000008,10949,-1.8734276083203156
2020-02-28,Net Sentiment,0.6242579229999999,10949,-1.8734276083203156
2020-02-27,20 Days Net Sentiment,-0.2596955889,11608,-1.8598824303214667
2020-02-27,Net Sentiment,0.664197105,11608,-1.8598824303214667
2020-02-26,20 Days Net Sentiment,-0.3078298273000001,12591,-1.8396777110910136
2020-02-26,Net Sentiment,0.400683028,12591,-1.8396777110910136
2020-02-25,20 Days Net Sentiment,-0.2290910120000001,15157,-1.786935788867878
2020-02-25,Net Sentiment,-1.773108135,15157,-1.786935788867878
2020-02-24,20 Days Net Sentiment,-0.005365917600000114,8533,-1.9230864096028941
2020-02-24,Net Sentiment,-0.663893121,8533,-1.9230864096028941
2020-02-23,20 Days Net Sentiment,0.16769818104999998,8357,-1.9267039381731481
2020-02-23,Net Sentiment,1.779944956,8357,-1.9267039381731481
2020-02-22,20 Days Net Sentiment,0.08910844644999996,9758,-1.8979075885883416
2020-02-22,Net Sentiment,1.7462594790000001,9758,-1.8979075885883416
2020-02-21,20 Days Net Sentiment,0.01509229700000001,16466,-1.7600304201266135
2020-02-21,Net Sentiment,2.489979351,16466,-1.7600304201266135
2020-02-20,20 Days Net Sentiment,-0.18097573255000002,23374,-1.618042423744142
2020-02-20,Net Sentiment,2.643535552,23374,-1.618042423744142
2020-02-19,20 Days Net Sentiment,-0.36178904260000005,40732,-1.2612636685028364
2020-02-19,Net Sentiment,-3.786948836,40732,-1.2612636685028364
2020-02-18,20 Days Net Sentiment,-0.2614913517,50541,-1.0596481131299844
2020-02-18,Net Sentiment,-4.071842662,50541,-1.0596481131299844
2020-02-17,20 Days Net Sentiment,-0.07208873280000007,11632,-1.8593891309709776
2020-02-17,Net Sentiment,-1.096114168,11632,-1.8593891309709776
2020-02-16,20 Days Net Sentiment,-0.0028854201499999817,7482,-1.9446888103263997
2020-02-16,Net Sentiment,0.434375835,7482,-1.9446888103263997
2020-02-15,20 Days Net Sentiment,0.024576115950000022,6883,-1.9570007399490257
2020-02-15,Net Sentiment,0.932006393,6883,-1.9570007399490257
2020-02-14,20 Days Net Sentiment,0.022468081899999964,11457,-1.862986105401628
2020-02-14,Net Sentiment,2.825783364,11457,-1.862986105401628
2020-02-13,20 Days Net Sentiment,-0.08318452479999998,11216,-1.8679396530461234
2020-02-13,Net Sentiment,1.404243937,11216,-1.8679396530461234
2020-02-12,20 Days Net Sentiment,-0.13398697390000006,19732,-1.6929006001808764
2020-02-12,Net Sentiment,2.179201297,19732,-1.6929006001808764
2020-02-11,20 Days Net Sentiment,-0.20969330434999994,13691,-1.8170681575269259
2020-02-11,Net Sentiment,-1.40274633,13691,-1.8170681575269259
2020-02-10,20 Days Net Sentiment,-0.07648582694999999,40525,-1.2655183754008057
2020-02-10,Net Sentiment,-3.926588526,40525,-1.2655183754008057
2020-02-09,20 Days Net Sentiment,0.2105698522,33308,-1.4138576009208255
2020-02-09,Net Sentiment,-3.6540770989999998,33308,-1.4138576009208255
2020-02-08,20 Days Net Sentiment,0.37249131105,15508,-1.7797212858669735
2020-02-08,Net Sentiment,-2.318803198,15508,-1.7797212858669735
2020-02-07,20 Days Net Sentiment,0.50090177975,11307,-1.8660692263421854
2020-02-07,Net Sentiment,-0.298487663,11307,-1.8660692263421854
2020-02-06,20 Days Net Sentiment,0.6291414443,31132,-1.4585834086985119
2020-02-06,Net Sentiment,1.975459334,31132,-1.4585834086985119
2020-02-05,20 Days Net Sentiment,0.6862137698499999,41399,-1.2475540573871577
2020-02-05,Net Sentiment,2.701393753,41399,-1.2475540573871577
2020-02-04,20 Days Net Sentiment,0.61294108865,34391,-1.391597467730001
2020-02-04,Net Sentiment,2.797388852,34391,-1.391597467730001
2020-02-03,20 Days Net Sentiment,0.5559988402499999,18208,-1.72422510893694
2020-02-03,Net Sentiment,0.20815026399999997,18208,-1.72422510893694
2020-02-02,20 Days Net Sentiment,0.5497284428999999,12691,-1.8376222971306422
2020-02-02,Net Sentiment,0.26593649,12691,-1.8376222971306422
2020-02-01,20 Days Net Sentiment,0.5634082773499999,18049,-1.7274932171339308
2020-02-01,Net Sentiment,-1.43138124,18049,-1.7274932171339308
2020-01-31,20 Days Net Sentiment,0.6633461337,18849,-1.7110499054509578
2020-01-31,Net Sentiment,-0.9727306490000001,18849,-1.7110499054509578
2020-01-30,20 Days Net Sentiment,0.6872409455499999,13849,-1.8138206034695388
2020-01-30,Net Sentiment,-1.780995018,13849,-1.8138206034695388
2020-01-29,20 Days Net Sentiment,0.6982331424999999,12474,-1.8420825454246486
2020-01-29,Net Sentiment,-0.283790284,12474,-1.8420825454246486
2020-01-28,20 Days Net Sentiment,0.6928305149,8682,-1.9200238428019403
2020-01-28,Net Sentiment,0.287952085,8682,-1.9200238428019403
2020-01-27,20 Days Net Sentiment,0.646329245,6100,-1.9730946312587354
2020-01-27,Net Sentiment,0.983606557,6100,-1.9730946312587354
2020-01-26,20 Days Net Sentiment,0.66048153425,5574,-1.9839061086902903
2020-01-26,Net Sentiment,0.8898457120000001,5574,-1.9839061086902903
2020-01-25,20 Days Net Sentiment,0.61598924865,6433,-1.966250102770698
2020-01-25,Net Sentiment,0.71273123,6433,-1.966250102770698
2020-01-24,20 Days Net Sentiment,0.5562142439,8166,-1.9306297788374578
2020-01-24,Net Sentiment,0.388194955,8166,-1.9306297788374578
2020-01-23,20 Days Net Sentiment,0.5691292675999999,9841,-1.8962015950012332
2020-01-23,Net Sentiment,0.665074688,9841,-1.8962015950012332
2020-01-22,20 Days Net Sentiment,0.51641776855,12058,-1.8506330674997944
2020-01-22,Net Sentiment,1.2614032179999999,12058,-1.8506330674997944
2020-01-21,20 Days Net Sentiment,0.4369772879499999,13549,-1.8199868453506536
2020-01-21,Net Sentiment,1.8145250569999998,13549,-1.8199868453506536
2020-01-20,20 Days Net Sentiment,0.34325439134999997,9816,-1.8967154484913262
2020-01-20,Net Sentiment,-0.415647922,9816,-1.8967154484913262
2020-01-19,20 Days Net Sentiment,0.3405168578,10525,-1.8821425635122915
2020-01-19,Net Sentiment,0.249406176,10525,-1.8821425635122915
2020-01-18,20 Days Net Sentiment,0.3313714381499999,12741,-1.8365945901504563
2020-01-18,Net Sentiment,2.266305628,12741,-1.8365945901504563
2020-01-17,20 Days Net Sentiment,0.11529451455000002,19999,-1.6874126449066842
2020-01-17,Net Sentiment,3.116905845,19999,-1.6874126449066842
2020-01-16,20 Days Net Sentiment,-0.07721211040000002,11291,-1.8663980925758448
2020-01-16,Net Sentiment,1.235940129,11291,-1.8663980925758448
2020-01-15,20 Days Net Sentiment,-0.05096748560000004,23391,-1.617693003370879
2020-01-15,Net Sentiment,1.658543884,23391,-1.617693003370879
2020-01-14,20 Days Net Sentiment,-0.005324648500000029,21150,-1.663754830222807
2020-01-14,Net Sentiment,0.082742317,21150,-1.663754830222807
2020-01-13,20 Days Net Sentiment,-0.03021988710000003,8183,-1.9302803584641948
2020-01-13,Net Sentiment,0.539533179,8183,-1.9302803584641948
2020-01-12,20 Days Net Sentiment,-0.10661515070000002,10716,-1.8782167228479816
2020-01-12,Net Sentiment,0.5673758870000001,10716,-1.8782167228479816
2020-01-10,20 Days Net Sentiment,-0.09399548695000001,10357,-1.8855956589657157
2020-01-10,Net Sentiment,-0.49483441200000006,10357,-1.8855956589657157
2020-01-09,20 Days Net Sentiment,-0.0864973398,17375,-1.7413467072268354
2020-01-09,Net Sentiment,-1.561151079,17375,-1.7413467072268354
2020-01-08,20 Days Net Sentiment,0.06830440019999999,9366,-1.9059648113129986
2020-01-08,Net Sentiment,-0.391842836,9366,-1.9059648113129986
2020-01-07,20 Days Net Sentiment,0.020709228299999983,8566,-1.9224081229959713
2020-01-07,Net Sentiment,-0.6420733129999999,8566,-1.9224081229959713
2020-01-06,20 Days Net Sentiment,0.05000054619999998,9308,-1.907156951410014
2020-01-06,Net Sentiment,1.266652342,9308,-1.907156951410014
2020-01-05,20 Days Net Sentiment,-0.12650413885000003,6050,-1.9741223382389212
2020-01-05,Net Sentiment,0.0,6050,-1.9741223382389212
2020-01-04,20 Days Net Sentiment,-0.2538264987,6732,-1.9601044150291869
2020-01-04,Net Sentiment,-0.482768865,6732,-1.9601044150291869
2020-01-03,20 Days Net Sentiment,-0.2752762181,6891,-1.9568363068321961
2020-01-03,Net Sentiment,0.646495429,6891,-1.9568363068321961
2020-01-02,20 Days Net Sentiment,-0.39998438545000004,8133,-1.9313080654443806
2020-01-02,Net Sentiment,-0.38915529299999996,8133,-1.9313080654443806
2020-01-01,20 Days Net Sentiment,-0.35046796975000005,5849,-1.9782537202992683
2020-01-01,Net Sentiment,-0.327406394,5849,-1.9782537202992683
2019-12-31,20 Days Net Sentiment,-0.22867014555000004,6257,-1.969867631340952
2019-12-31,Net Sentiment,-0.059932875,6257,-1.969867631340952
2019-12-30,20 Days Net Sentiment,-0.21463857035000006,6824,-1.958213434185645
2019-12-30,Net Sentiment,-0.470398593,6824,-1.958213434185645
2019-12-29,20 Days Net Sentiment,-0.19989187270000003,6316,-1.9686549371043327
2019-12-29,Net Sentiment,0.066497783,6316,-1.9686549371043327
2019-12-28,20 Days Net Sentiment,-0.2343310506000001,10157,-1.889706486886459
2019-12-28,Net Sentiment,-2.0552328440000003,10157,-1.889706486886459
2019-12-27,20 Days Net Sentiment,-0.22868242565000002,8749,-1.9186467154484914
2019-12-27,Net Sentiment,-0.7332266540000001,8749,-1.9186467154484914
2019-12-26,20 Days Net Sentiment,-0.21001682440000002,9416,-1.9049371043328127
2019-12-26,Net Sentiment,1.760832625,9416,-1.9049371043328127
2019-12-25,20 Days Net Sentiment,-0.2671223582,10224,-1.88832935953301
2019-12-25,Net Sentiment,2.571400626,10224,-1.88832935953301
2019-12-24,20 Days Net Sentiment,-0.36502269374999996,8033,-1.933363479404752
2019-12-24,Net Sentiment,-0.415162455,8033,-1.933363479404752
2019-12-23,20 Days Net Sentiment,-0.31679854435,8600,-1.921709282249445
2019-12-23,Net Sentiment,-0.988372093,8600,-1.921709282249445
2019-12-22,20 Days Net Sentiment,-0.25549733855000006,6758,-1.9595700073994902
2019-12-22,Net Sentiment,0.819769162,6758,-1.9595700073994902
2019-12-21,20 Days Net Sentiment,-0.35847299350000006,7858,-1.9369604538354024
2019-12-21,Net Sentiment,-0.344871469,7858,-1.9369604538354024
2019-12-20,20 Days Net Sentiment,-0.2985034581500001,10750,-1.8775178821014553
2019-12-20,Net Sentiment,1.534883721,10750,-1.8775178821014553
2019-12-19,20 Days Net Sentiment,-0.4074109755500002,16774,-1.7536997451286689
2019-12-19,Net Sentiment,-1.3437462740000001,16774,-1.7536997451286689
2019-12-18,20 Days Net Sentiment,-0.4124760363500001,45158,-1.1702910466167886
2019-12-18,Net Sentiment,-0.056246955,45158,-1.1702910466167886
2019-12-17,20 Days Net Sentiment,-0.4027115195000001,32307,-1.4344322946641452
2019-12-17,Net Sentiment,-2.263441359,32307,-1.4344322946641452
2019-12-16,20 Days Net Sentiment,-0.2641135680000001,36816,-1.341753679190989
2019-12-16,Net Sentiment,-2.546447197,36816,-1.341753679190989
2019-12-15,20 Days Net Sentiment,-0.18338884130000005,20241,-1.682438543122585
2019-12-15,Net Sentiment,-0.9117632529999999,20241,-1.682438543122585
2019-12-14,20 Days Net Sentiment,-0.12518291285000002,13057,-1.830099482035682
2019-12-14,Net Sentiment,-1.8476679180000002,13057,-1.830099482035682
2019-12-13,20 Days Net Sentiment,-0.017763430349999994,8525,-1.9232508427197237
2019-12-13,Net Sentiment,0.601173021,8525,-1.9232508427197237
2019-12-12,20 Days Net Sentiment,-0.04081142519999999,15532,-1.7792279865164844
2019-12-12,Net Sentiment,2.10855009,15532,-1.7792279865164844
2019-12-11,20 Days Net Sentiment,-0.15974354105000002,9991,-1.893118474060676
2019-12-11,Net Sentiment,0.22069862899999998,9991,-1.893118474060676
2019-12-10,20 Days Net Sentiment,-0.20584389460000002,16841,-1.75232261777522
2019-12-10,Net Sentiment,-0.17546464,16841,-1.75232261777522
2019-12-09,20 Days Net Sentiment,-0.18134331120000008,9441,-1.9044232508427197
2019-12-09,Net Sentiment,-0.622285775,9441,-1.9044232508427197
2019-12-08,20 Days Net Sentiment,-0.13540509700000009,12591,-1.8396777110910136
2019-12-08,Net Sentiment,-1.942260345,12591,-1.8396777110910136
2019-12-07,20 Days Net Sentiment,-0.005748492200000027,10308,-1.8866028118062979
2019-12-07,Net Sentiment,-0.359914629,10308,-1.8866028118062979
2019-12-06,20 Days Net Sentiment,-0.003641948300000028,9358,-1.9061292444298281
2019-12-06,Net Sentiment,0.618721949,9358,-1.9061292444298281
2019-12-05,20 Days Net Sentiment,-0.13320635360000002,10124,-1.8903847734933816
2019-12-05,Net Sentiment,0.613393915,10124,-1.8903847734933816
2019-12-04,20 Days Net Sentiment,-0.11646325195000003,14791,-1.794458603962838
2019-12-04,Net Sentiment,0.5493205329999999,14791,-1.794458603962838
2019-12-03,20 Days Net Sentiment,-0.08216115305000002,16116,-1.7672243689879141
2019-12-03,Net Sentiment,0.23765202300000002,16116,-1.7672243689879141
2019-12-02,20 Days Net Sentiment,-0.002603347350000074,22182,-1.6425429581517719
2019-12-02,Net Sentiment,-1.239743937,22182,-1.6425429581517719
2019-12-01,20 Days Net Sentiment,0.09489867119999998,52708,-1.0151072926087314
2019-12-01,Net Sentiment,0.854519238,52708,-1.0151072926087314
2019-11-30,20 Days Net Sentiment,0.04000357514999993,56866,-0.9296431801364795
2019-11-30,Net Sentiment,-0.643266627,56866,-0.9296431801364795
2019-11-29,20 Days Net Sentiment,0.12994675339999995,18425,-1.7197648606429334
2019-11-29,Net Sentiment,-1.44504749,18425,-1.7197648606429334
2019-11-28,20 Days Net Sentiment,0.20099903425,8091,-1.9321713393077367
2019-11-28,Net Sentiment,0.139043382,8091,-1.9321713393077367
2019-11-27,20 Days Net Sentiment,0.23090530189999997,7866,-1.9367960207185728
2019-11-27,Net Sentiment,0.508517671,7866,-1.9367960207185728
2019-11-26,20 Days Net Sentiment,0.25866805714999996,10816,-1.87616130888761
2019-11-26,Net Sentiment,-0.931952663,10816,-1.87616130888761
2019-11-25,20 Days Net Sentiment,0.37239042605,8916,-1.9152141741346707
2019-11-25,Net Sentiment,0.252355316,8916,-1.9152141741346707
2019-11-24,20 Days Net Sentiment,0.3995077596,7482,-1.9446888103263997
2019-11-24,Net Sentiment,0.300721732,7482,-1.9446888103263997
2019-11-23,20 Days Net Sentiment,0.368488335,7132,-1.9518827591877004
2019-11-23,Net Sentiment,0.140213124,7132,-1.9518827591877004
2019-11-22,20 Days Net Sentiment,0.3447970826,9108,-1.9112677793307573
2019-11-22,Net Sentiment,-0.270092227,9108,-1.9112677793307573
2019-11-21,20 Days Net Sentiment,0.39262838229999997,11999,-1.8518457617364137
2019-11-21,Net Sentiment,-0.701308442,11999,-1.8518457617364137
2019-11-20,20 Days Net Sentiment,0.5077719293999999,8091,-1.9321713393077367
2019-11-20,Net Sentiment,0.314547028,8091,-1.9321713393077367
2019-11-19,20 Days Net Sentiment,0.5366332978500001,7724,-1.9397147085423003
2019-11-19,Net Sentiment,0.296478509,7724,-1.9397147085423003
2019-11-18,20 Days Net Sentiment,0.53095571385,9349,-1.9063142316862616
2019-11-18,Net Sentiment,0.650871751,9349,-1.9063142316862616
2019-11-17,20 Days Net Sentiment,0.49894080725,11533,-1.8614239907917454
2019-11-17,Net Sentiment,-0.317783751,11533,-1.8614239907917454
2019-11-16,20 Days Net Sentiment,0.6150292348999999,12357,-1.8444873797582833
2019-11-16,Net Sentiment,-1.972566157,12357,-1.8444873797582833
2019-11-15,20 Days Net Sentiment,0.7992317378999999,8658,-1.9205171421524294
2019-11-15,Net Sentiment,0.948255948,8658,-1.9205171421524294
2019-11-14,20 Days Net Sentiment,0.7869253235,12041,-1.8509824878730576
2019-11-14,Net Sentiment,1.235362511,12041,-1.8509824878730576
2019-11-13,20 Days Net Sentiment,0.7596094947500001,12191,-1.8478993669325001
2019-11-13,Net Sentiment,1.8288081369999998,12191,-1.8478993669325001
2019-11-12,20 Days Net Sentiment,0.6941939108999999,13966,-1.811415769135904
2019-11-12,Net Sentiment,0.7102964340000001,13966,-1.811415769135904
2019-11-11,20 Days Net Sentiment,0.6378012329,8916,-1.9152141741346707
2019-11-11,Net Sentiment,-0.24338268300000002,8916,-1.9152141741346707
2019-11-10,20 Days Net Sentiment,0.5667149882,9666,-1.8997985694318835
2019-11-10,Net Sentiment,1.155596938,9666,-1.8997985694318835
2019-11-09,20 Days Net Sentiment,0.5927500095999999,8541,-1.9229219764860643
2019-11-09,Net Sentiment,-0.024001872999999996,8541,-1.9229219764860643
2019-11-08,20 Days Net Sentiment,0.81622832905,11924,-1.8533873222066923
2019-11-08,Net Sentiment,0.737168735,11924,-1.8533873222066923
2019-11-07,20 Days Net Sentiment,1.0131440946499999,26124,-1.5615185398339224
2019-11-07,Net Sentiment,1.063772776,26124,-1.5615185398339224
2019-11-06,20 Days Net Sentiment,1.00235698435,11825,-1.8554221820274603
2019-11-06,Net Sentiment,1.342494715,11825,-1.8554221820274603
2019-11-05,20 Days Net Sentiment,0.88982433805,7550,-1.943291128833347
2019-11-05,Net Sentiment,0.794701987,7550,-1.943291128833347
2019-11-04,20 Days Net Sentiment,0.94237142695,10683,-1.8788950094549042
2019-11-04,Net Sentiment,-0.31966676,10683,-1.8788950094549042
2019-11-03,20 Days Net Sentiment,0.9684756903,14358,-1.8033585464112472
2019-11-03,Net Sentiment,-0.333611924,14358,-1.8033585464112472
2019-11-02,20 Days Net Sentiment,0.96613607315,9832,-1.8963865822576667
2019-11-02,Net Sentiment,0.686533767,9832,-1.8963865822576667
2019-11-01,20 Days Net Sentiment,0.88216399475,12800,-1.835381895913837
2019-11-01,Net Sentiment,1.6015625,12800,-1.835381895913837
2019-10-31,20 Days Net Sentiment,0.7719875896499999,8741,-1.918811148565321
2019-10-31,Net Sentiment,0.891774397,8741,-1.918811148565321
2019-10-30,20 Days Net Sentiment,0.7268428694500002,8200,-1.9299309380909315
2019-10-30,Net Sentiment,0.18292682899999999,8200,-1.9299309380909315
2019-10-29,20 Days Net Sentiment,0.7530316654000002,7566,-1.9429622625996876
2019-10-29,Net Sentiment,0.010573619,7566,-1.9429622625996876
2019-10-28,20 Days Net Sentiment,0.8548901534000002,10791,-1.876675162377703
2019-10-28,Net Sentiment,2.0039848019999997,10791,-1.876675162377703
2019-10-27,20 Days Net Sentiment,0.8773617207500001,8107,-1.931842473074077
2019-10-27,Net Sentiment,1.7114839030000002,8107,-1.931842473074077
2019-10-26,20 Days Net Sentiment,0.8923076522500002,5875,-1.9777193126695716
2019-10-26,Net Sentiment,0.70212766,5875,-1.9777193126695716
2019-10-25,20 Days Net Sentiment,0.9064087737000002,7924,-1.9356038806215572
2019-10-25,Net Sentiment,0.689045936,7924,-1.9356038806215572
2019-10-24,20 Days Net Sentiment,0.9727019728500002,11441,-1.8633149716352873
2019-10-24,Net Sentiment,0.52049646,11441,-1.8633149716352873
2019-10-23,20 Days Net Sentiment,0.9947159670500001,12166,-1.8484132204225932
2019-10-23,Net Sentiment,-0.417557126,12166,-1.8484132204225932
2019-10-22,20 Days Net Sentiment,1.0218154074500003,14966,-1.7908616295321877
2019-10-22,Net Sentiment,-1.665107577,14966,-1.7908616295321877
2019-10-21,20 Days Net Sentiment,1.1646948952,8999,-1.9135081805475622
2019-10-21,Net Sentiment,1.676297366,8999,-1.9135081805475622
2019-10-20,20 Days Net Sentiment,1.12632698225,49600,-1.0789895584970814
2019-10-20,Net Sentiment,4.445564516,49600,-1.0789895584970814
2019-10-19,20 Days Net Sentiment,0.8814841034999998,91675,-0.21417413467072266
2019-10-19,Net Sentiment,4.675484047,91675,-0.21417413467072266
2019-10-18,20 Days Net Sentiment,0.6852238139500001,13608,-1.8187741511140343
2019-10-18,Net Sentiment,0.84803057,13608,-1.8187741511140343
2019-10-17,20 Days Net Sentiment,0.7222770162000002,14133,-1.8079832278220833
2019-10-17,Net Sentiment,-0.9081582109999999,14133,-1.8079832278220833
2019-10-16,20 Days Net Sentiment,0.8003176342000001,10858,-1.8752980350242539
2019-10-16,Net Sentiment,1.845643765,10858,-1.8752980350242539
2019-10-15,20 Days Net Sentiment,0.6011401982500001,7608,-1.9420989887363316
2019-10-15,Net Sentiment,0.202418507,7608,-1.9420989887363316
2019-10-14,20 Days Net Sentiment,0.5250192729000001,7124,-1.9520471923045302
2019-10-14,Net Sentiment,-0.380404267,7124,-1.9520471923045302
2019-10-13,20 Days Net Sentiment,0.5387194598500001,7050,-1.9535681986352051
2019-10-13,Net Sentiment,-0.992907801,7050,-1.9535681986352051
2019-10-12,20 Days Net Sentiment,0.6448050229500001,10175,-1.8893365123735921
2019-10-12,Net Sentiment,-0.601965602,10175,-1.8893365123735921
2019-10-11,20 Days Net Sentiment,0.6782327761,11241,-1.8674257995560306
2019-10-11,Net Sentiment,-0.011120007,11241,-1.8674257995560306
2019-10-10,20 Days Net Sentiment,0.5784343950000002,9608,-1.9009907095288991
2019-10-10,Net Sentiment,0.706702748,9608,-1.9009907095288991
2019-10-09,20 Days Net Sentiment,0.4714774787500001,10724,-1.8780522897311518
2019-10-09,Net Sentiment,2.047743379,10724,-1.8780522897311518
2019-10-08,20 Days Net Sentiment,0.40110159025000014,16100,-1.7675532352215737
2019-10-08,Net Sentiment,2.453416149,16100,-1.7675532352215737
2019-10-07,20 Days Net Sentiment,0.32810696764999997,13266,-1.8258036668585054
2019-10-07,Net Sentiment,2.010402533,13266,-1.8258036668585054
2019-10-06,20 Days Net Sentiment,0.24481310009999996,6183,-1.971388637671627
2019-10-06,Net Sentiment,0.984150089,6183,-1.971388637671627
2019-10-05,20 Days Net Sentiment,0.234036477,9658,-1.8999630025487133
2019-10-05,Net Sentiment,2.014909919,9658,-1.8999630025487133
2019-10-04,20 Days Net Sentiment,0.14327132744999999,9841,-1.8962015950012332
2019-10-04,Net Sentiment,0.960776344,9841,-1.8962015950012332
2019-10-03,20 Days Net Sentiment,0.11409015139999996,8358,-1.9266833840335444
2019-10-03,Net Sentiment,0.12443168199999999,8358,-1.9266833840335444
2019-10-02,20 Days Net Sentiment,0.10825148469999997,9258,-1.9081846583901998
2019-10-02,Net Sentiment,1.192482178,9258,-1.9081846583901998
2019-10-01,20 Days Net Sentiment,0.04063969135,8983,-1.9138370467812218
2019-10-01,Net Sentiment,0.908939107,8983,-1.9138370467812218
2019-09-30,20 Days Net Sentiment,0.017786632700000006,9783,-1.8973937350982488
2019-09-30,Net Sentiment,-0.451293059,9783,-1.8973937350982488
2019-09-29,20 Days Net Sentiment,0.05656151520000002,9883,-1.8953383211378771
2019-09-29,Net Sentiment,0.750278256,9883,-1.8953383211378771
2019-09-28,20 Days Net Sentiment,0.01731435709999999,11774,-1.8564704431472498
2019-09-28,Net Sentiment,1.589094615,11774,-1.8564704431472498
2019-09-27,20 Days Net Sentiment,-0.03911339049999999,15391,-1.7821261202006085
2019-09-27,Net Sentiment,0.652654149,15391,-1.7821261202006085
2019-09-26,20 Days Net Sentiment,-0.11281474745,15866,-1.772362903888843
2019-09-26,Net Sentiment,-2.137904954,15866,-1.772362903888843
2019-09-25,20 Days Net Sentiment,-0.03542963155,12500,-1.8415481377949519
2019-09-25,Net Sentiment,-1.32,12500,-1.8415481377949519
2019-09-24,20 Days Net Sentiment,0.05046656220000002,12124,-1.8492764942859492
2019-09-24,Net Sentiment,-0.10640052800000001,12124,-1.8492764942859492
2019-09-23,20 Days Net Sentiment,0.050055929550000024,14099,-1.8086820685686098
2019-09-23,Net Sentiment,1.128803461,14099,-1.8086820685686098
2019-09-22,20 Days Net Sentiment,0.030296474499999983,6908,-1.9564868864589329
2019-09-22,Net Sentiment,0.066589461,6908,-1.9564868864589329
2019-09-21,20 Days Net Sentiment,0.12638308925000002,12416,-1.843274685521664
2019-09-21,Net Sentiment,-2.007087629,12416,-1.843274685521664
2019-09-20,20 Days Net Sentiment,0.27634836565,17191,-1.7451286689139192
2019-09-20,Net Sentiment,-1.432435577,17191,-1.7451286689139192
2019-09-19,20 Days Net Sentiment,0.40352412094999995,8333,-1.9271972375236373
2019-09-19,Net Sentiment,0.640225609,8333,-1.9271972375236373
2019-09-18,20 Days Net Sentiment,0.37443135554999996,10191,-1.8890076461399326
2019-09-18,Net Sentiment,0.993523697,10191,-1.8890076461399326
2019-09-17,20 Days Net Sentiment,0.36608406475000005,7982,-1.9344117405245416
2019-09-17,Net Sentiment,0.34452518200000004,7982,-1.9344117405245416
2019-09-13,20 Days Net Sentiment,0.3604883696000001,8782,-1.9179684288415686
2019-09-13,Net Sentiment,0.768617627,8782,-1.9179684288415686
2019-09-12,20 Days Net Sentiment,0.35887788885000005,8141,-1.9311436323275508
2019-09-12,Net Sentiment,0.19960692800000002,8141,-1.9311436323275508
2019-09-11,20 Days Net Sentiment,0.4711037047500001,9174,-1.909911206116912
2019-09-11,Net Sentiment,0.37715282299999997,9174,-1.909911206116912
2019-09-10,20 Days Net Sentiment,0.4778845445,11099,-1.8703444873797583
2019-09-10,Net Sentiment,0.007658348000000001,11099,-1.8703444873797583
2019-09-09,20 Days Net Sentiment,0.4941558187,8607,-1.921565403272219
2019-09-09,Net Sentiment,-0.159753689,8607,-1.921565403272219
2019-09-08,20 Days Net Sentiment,0.5493438408,6816,-1.9583778673024748
2019-09-08,Net Sentiment,0.451877934,6816,-1.9583778673024748
2019-09-07,20 Days Net Sentiment,0.52220448955,7449,-1.9453670969333223
2019-09-07,Net Sentiment,0.32420459100000004,7449,-1.9453670969333223
2019-09-06,20 Days Net Sentiment,0.46907708015000005,12116,-1.849440927402779
2019-09-06,Net Sentiment,-0.034664906,12116,-1.849440927402779
2019-09-05,20 Days Net Sentiment,0.3808789837,9858,-1.8958521746279702
2019-09-05,Net Sentiment,0.460539663,9858,-1.8958521746279702
2019-09-04,20 Days Net Sentiment,0.26022508554999996,11566,-1.8607457041848228
2019-09-04,Net Sentiment,-0.82137299,11566,-1.8607457041848228
2019-09-03,20 Days Net Sentiment,0.19767277974999997,10166,-1.8895214996300256
2019-09-03,Net Sentiment,-0.590202636,10166,-1.8895214996300256
2019-09-01,20 Days Net Sentiment,0.1853923107,7225,-1.9499712242045548
2019-09-01,Net Sentiment,0.397923875,7225,-1.9499712242045548
2019-08-31,20 Days Net Sentiment,0.20837322375,9074,-1.9119666200772836
2019-08-31,Net Sentiment,-0.114613181,9074,-1.9119666200772836
2019-08-30,20 Days Net Sentiment,0.17172761124999997,14708,-1.7961645975499465
2019-08-30,Net Sentiment,0.73361436,14708,-1.7961645975499465
2019-08-29,20 Days Net Sentiment,0.11717740619999992,19866,-1.6901463454739785
2019-08-29,Net Sentiment,1.988321756,19866,-1.6901463454739785
2019-08-28,20 Days Net Sentiment,0.007383303549999889,12850,-1.8343541889336512
2019-08-28,Net Sentiment,0.992217899,12850,-1.8343541889336512
2019-08-27,20 Days Net Sentiment,-0.05706116595000006,17591,-1.736907013072433
2019-08-27,Net Sentiment,1.111079529,17591,-1.736907013072433
2019-08-26,20 Days Net Sentiment,-0.13251003730000008,8566,-1.9224081229959713
2019-08-26,Net Sentiment,0.058370301,8566,-1.9224081229959713
2019-08-25,20 Days Net Sentiment,-0.1166758734000001,6908,-1.9564868864589329
2019-08-25,Net Sentiment,0.826577881,6908,-1.9564868864589329
2019-08-24,20 Days Net Sentiment,-0.11557812195000008,10941,-1.8735920414371454
2019-08-24,Net Sentiment,0.23261127899999998,10941,-1.8735920414371454
2019-08-23,20 Days Net Sentiment,-0.14918997210000004,11882,-1.8542505960700484
2019-08-23,Net Sentiment,0.7364080120000001,11882,-1.8542505960700484
2019-08-22,20 Days Net Sentiment,-0.36121529075000003,14183,-1.8069555208418975
2019-08-22,Net Sentiment,2.4441232459999997,14183,-1.8069555208418975
2019-08-21,20 Days Net Sentiment,-0.66114337555,7557,-1.943147249856121
2019-08-21,Net Sentiment,0.512769618,7557,-1.943147249856121
2019-08-20,20 Days Net Sentiment,-0.6796915203,8016,-1.9337128997780153
2019-08-20,Net Sentiment,0.33308383199999997,8016,-1.9337128997780153
2019-08-19,20 Days Net Sentiment,-0.6912890776,7108,-1.9523760585381895
2019-08-19,Net Sentiment,0.9440067529999999,7108,-1.9523760585381895
2019-08-18,20 Days Net Sentiment,-0.74558720705,6875,-1.9571651730658555
2019-08-18,Net Sentiment,-0.090909091,6875,-1.9571651730658555
2019-08-17,20 Days Net Sentiment,-0.7281385267000002,7957,-1.9349255940146346
2019-08-17,Net Sentiment,-0.7383435970000001,7957,-1.9349255940146346
2019-08-16,20 Days Net Sentiment,-0.7292306718,13691,-1.8170681575269259
2019-08-16,Net Sentiment,-1.798626835,13691,-1.8170681575269259
2019-08-15,20 Days Net Sentiment,-0.7432373331,13316,-1.8247759598783195
2019-08-15,Net Sentiment,-1.9525383,13316,-1.8247759598783195
2019-08-14,20 Days Net Sentiment,-0.7800936937499999,16225,-1.764983967771109
2019-08-14,Net Sentiment,-2.072419106,16225,-1.764983967771109
2019-08-13,20 Days Net Sentiment,-0.6782542111500001,18491,-1.7184082874290882
2019-08-13,Net Sentiment,-0.8358120170000001,18491,-1.7184082874290882
2019-08-12,20 Days Net Sentiment,-0.7036170606500001,11807,-1.8557921565403273
2019-08-12,Net Sentiment,0.857542136,11807,-1.8557921565403273
2019-08-11,20 Days Net Sentiment,-0.7704055753500001,8749,-1.9186467154484914
2019-08-11,Net Sentiment,-0.847525431,8749,-1.9186467154484914
2019-08-10,20 Days Net Sentiment,-0.6547037726500001,7233,-1.949806791087725
2019-08-10,Net Sentiment,-0.35738974100000004,7233,-1.949806791087725
2019-08-09,20 Days Net Sentiment,-0.5765201997500001,8624,-1.921215982898956
2019-08-09,Net Sentiment,-0.207560297,8624,-1.921215982898956
2019-08-08,20 Days Net Sentiment,-0.5177124461000001,8983,-1.9138370467812218
2019-08-08,Net Sentiment,-0.296671491,8983,-1.9138370467812218
2019-08-07,20 Days Net Sentiment,-0.47747083425000014,9324,-1.9068280851763546
2019-08-07,Net Sentiment,-0.39789789799999997,9324,-1.9068280851763546
2019-08-06,20 Days Net Sentiment,-0.4312117681500001,9332,-1.9066636520595248
2019-08-06,Net Sentiment,0.37505357899999997,9332,-1.9066636520595248
2019-08-05,20 Days Net Sentiment,-0.4131846469000002,7566,-1.9429622625996876
2019-08-05,Net Sentiment,0.84853291,7566,-1.9429622625996876
2019-08-04,20 Days Net Sentiment,-0.4249095380000002,13466,-1.821692838937762
2019-08-04,Net Sentiment,-0.439625724,13466,-1.821692838937762
2019-08-03,20 Days Net Sentiment,-0.39203025705000016,36600,-1.346193373345392
2019-08-03,Net Sentiment,-3.504098361,36600,-1.346193373345392
2019-08-02,20 Days Net Sentiment,-0.22326768915000011,32624,-1.4279166324097674
2019-08-02,Net Sentiment,-3.55443845,32624,-1.4279166324097674
2019-08-01,20 Days Net Sentiment,-0.06778753595000012,7616,-1.9419345556195018
2019-08-01,Net Sentiment,0.141806723,7616,-1.9419345556195018
2019-07-31,20 Days Net Sentiment,-0.06941390305000013,7416,-1.946045383540245
2019-07-31,Net Sentiment,0.101132686,7416,-1.946045383540245
2019-07-30,20 Days Net Sentiment,-0.0723654514500001,7925,-1.9355833264819535
2019-07-30,Net Sentiment,-0.141955836,7925,-1.9355833264819535
2019-07-29,20 Days Net Sentiment,-0.09515393310000014,7750,-1.9391803009126038
2019-07-29,Net Sentiment,0.258064516,7750,-1.9391803009126038
2019-07-28,20 Days Net Sentiment,-0.20981045305000015,9866,-1.8956877415111404
2019-07-28,Net Sentiment,-0.760186499,9866,-1.8956877415111404
2019-07-27,20 Days Net Sentiment,-0.28831523945000004,30066,-1.4804941215160734
2019-07-27,Net Sentiment,-2.078760061,30066,-1.4804941215160734
2019-07-26,20 Days Net Sentiment,-0.30713472275000003,36683,-1.3444873797582835
2019-07-26,Net Sentiment,-2.689665513,36683,-1.3444873797582835
2019-07-25,20 Days Net Sentiment,-0.27160362125,10525,-1.8821425635122915
2019-07-25,Net Sentiment,-0.035629454,10525,-1.8821425635122915
2019-07-24,20 Days Net Sentiment,-0.35728516630000007,13216,-1.8268313738386912
2019-07-24,Net Sentiment,-1.343069007,13216,-1.8268313738386912
2019-07-23,20 Days Net Sentiment,-0.34757009625,10633,-1.87992271643509
2019-07-23,Net Sentiment,-0.47822815799999996,10633,-1.87992271643509
2019-07-22,20 Days Net Sentiment,-0.30757725955000004,11108,-1.8701595001233249
2019-07-22,Net Sentiment,1.466510623,11108,-1.8701595001233249
2019-07-21,20 Days Net Sentiment,-0.3594221312,7291,-1.9486146509907096
2019-07-21,Net Sentiment,1.206281717,7291,-1.9486146509907096
2019-07-20,20 Days Net Sentiment,-0.3578580600000001,6241,-1.9701964975746116
2019-07-20,Net Sentiment,0.968594776,6241,-1.9701964975746116
2019-07-19,20 Days Net Sentiment,-0.35962113215,7291,-1.9486146509907096
2019-07-19,Net Sentiment,0.508160746,7291,-1.9486146509907096
2019-07-18,20 Days Net Sentiment,-0.3742113568000001,6799,-1.958727287675738
2019-07-18,Net Sentiment,0.527283424,6799,-1.958727287675738
2019-07-17,20 Days Net Sentiment,-0.4194357880000001,7307,-1.94828578475705
2019-07-17,Net Sentiment,0.735596004,7307,-1.94828578475705
2019-07-16,20 Days Net Sentiment,-0.41333904754999995,7125,-1.9520266381649265
2019-07-16,Net Sentiment,0.614035088,7125,-1.9520266381649265
2019-07-15,20 Days Net Sentiment,-0.3904183043500001,6882,-1.9570212940886293
2019-07-15,Net Sentiment,0.217959895,6882,-1.9570212940886293
2019-07-14,20 Days Net Sentiment,-0.3414465326500001,6791,-1.9588917207925676
2019-07-14,Net Sentiment,-0.12884700300000002,6791,-1.9588917207925676
2019-07-13,20 Days Net Sentiment,-0.32927734200000003,7958,-1.934905039875031
2019-07-13,Net Sentiment,-0.444835386,7958,-1.934905039875031
2019-07-12,20 Days Net Sentiment,-0.3021197319,8007,-1.9338978870344488
2019-07-12,Net Sentiment,0.109279381,8007,-1.9338978870344488
2019-07-11,20 Days Net Sentiment,-0.3300762686,8907,-1.915399161391104
2019-07-11,Net Sentiment,0.042101717999999996,8907,-1.915399161391104
2019-07-10,20 Days Net Sentiment,-0.3072930099000001,15124,-1.7876140754748007
2019-07-10,Net Sentiment,-0.597725469,15124,-1.7876140754748007
2019-07-09,20 Days Net Sentiment,-0.28710822900000005,23299,-1.6195839842144208
2019-07-09,Net Sentiment,-2.035065883,23299,-1.6195839842144208
2019-07-08,20 Days Net Sentiment,-0.19279200579999994,32775,-1.4248129573296062
2019-07-08,Net Sentiment,-2.330282227,32775,-1.4248129573296062
2019-07-07,20 Days Net Sentiment,-0.11264153080000003,58974,-0.8863150538518458
2019-07-07,Net Sentiment,-2.455149727,58974,-0.8863150538518458
2019-07-06,20 Days Net Sentiment,-0.049701439050000046,103166,0.022013483515579857
2019-07-06,Net Sentiment,-1.979043483,103166,0.022013483515579857
2019-07-05,20 Days Net Sentiment,0.004759209700000033,10816,-1.87616130888761
2019-07-05,Net Sentiment,-1.749260355,10816,-1.87616130888761
2019-07-04,20 Days Net Sentiment,0.09667281064999994,6816,-1.9583778673024748
2019-07-04,Net Sentiment,-1.1487676059999998,6816,-1.9583778673024748
2019-07-03,20 Days Net Sentiment,0.21538018364999992,6607,-1.9626736824796513
2019-07-03,Net Sentiment,0.321628576,6607,-1.9626736824796513
2019-07-02,20 Days Net Sentiment,0.3238522503499999,6308,-1.9688193702211625
2019-07-02,Net Sentiment,0.42961319,6308,-1.9688193702211625
2019-07-01,20 Days Net Sentiment,0.3112704251499999,6533,-1.9641946888103263
2019-07-01,Net Sentiment,1.2375631409999999,6533,-1.9641946888103263
2019-06-30,20 Days Net Sentiment,0.2122933996,7500,-1.9443188358135328
2019-06-30,Net Sentiment,0.933333333,7500,-1.9443188358135328
2019-06-29,20 Days Net Sentiment,0.23337741045000002,7141,-1.951697771931267
2019-06-29,Net Sentiment,0.216356253,7141,-1.951697771931267
2019-06-28,20 Days Net Sentiment,0.3189032788,8616,-1.9213804160157855
2019-06-28,Net Sentiment,-0.3772052,8616,-1.9213804160157855
2019-06-27,20 Days Net Sentiment,0.31290007230000005,9574,-1.9016895502754254
2019-06-27,Net Sentiment,0.857530813,9574,-1.9016895502754254
2019-06-26,20 Days Net Sentiment,0.27545760690000004,9441,-1.9044232508427197
2019-06-26,Net Sentiment,1.072449952,9441,-1.9044232508427197
2019-06-25,20 Days Net Sentiment,0.15360130485000004,9291,-1.9075063717832772
2019-06-25,Net Sentiment,1.1973953290000001,9291,-1.9075063717832772
2019-06-24,20 Days Net Sentiment,0.03965309169999999,6941,-1.9558085998520103
2019-06-24,Net Sentiment,0.11453681,6941,-1.9558085998520103
2019-06-23,20 Days Net Sentiment,0.07628885895,6357,-1.9678122173805805
2019-06-23,Net Sentiment,0.098316816,6357,-1.9678122173805805
2019-06-22,20 Days Net Sentiment,0.11891116404999998,6391,-1.967113376634054
2019-06-22,Net Sentiment,-0.44985135299999995,6391,-1.967113376634054
2019-06-21,20 Days Net Sentiment,0.12658717479999998,6941,-1.9558085998520103
2019-06-21,Net Sentiment,0.497766892,6941,-1.9558085998520103
2019-06-20,20 Days Net Sentiment,0.14972396484999997,8375,-1.9263339636602812
2019-06-20,Net Sentiment,-0.194029851,8375,-1.9263339636602812
2019-06-19,20 Days Net Sentiment,0.22733478675000002,7866,-1.9367960207185728
2019-06-19,Net Sentiment,-0.148741419,7866,-1.9367960207185728
2019-06-18,20 Days Net Sentiment,0.29289354344999996,8250,-1.9289032311107457
2019-06-18,Net Sentiment,-0.727272727,8250,-1.9289032311107457
2019-06-17,20 Days Net Sentiment,0.3683918972,10624,-1.8801077036915235
2019-06-17,Net Sentiment,-1.1963478920000001,10624,-1.8801077036915235
2019-06-16,20 Days Net Sentiment,0.46050112,11800,-1.8559360355175532
2019-06-16,Net Sentiment,-0.889830508,11800,-1.8559360355175532
2019-06-15,20 Days Net Sentiment,0.5456330395,6516,-1.9645441091835896
2019-06-15,Net Sentiment,0.089011664,6516,-1.9645441091835896
2019-06-14,20 Days Net Sentiment,0.5659685134999999,7108,-1.9523760585381895
2019-06-14,Net Sentiment,1.225379854,7108,-1.9523760585381895
2019-06-13,20 Days Net Sentiment,0.5479923232999998,11758,-1.8567993093809094
2019-06-13,Net Sentiment,2.49106991,11758,-1.8567993093809094
2019-06-12,20 Days Net Sentiment,0.44824380929999996,9608,-1.9009907095288991
2019-06-12,Net Sentiment,0.17797668600000002,9608,-1.9009907095288991
2019-06-11,20 Days Net Sentiment,0.49200841324999994,10782,-1.8768601496341364
2019-06-11,Net Sentiment,-0.74197737,10782,-1.8768601496341364
2019-06-10,20 Days Net Sentiment,0.5784424693,10332,-1.8861095124558087
2019-06-10,Net Sentiment,1.35501355,10332,-1.8861095124558087
2019-06-09,20 Days Net Sentiment,0.40019067374999995,7699,-1.9402285620323934
2019-06-09,Net Sentiment,1.92687362,7699,-1.9402285620323934
2019-06-08,20 Days Net Sentiment,0.23014912869999998,6958,-1.955459179478747
2019-06-08,Net Sentiment,-0.49726933,6958,-1.955459179478747
2019-06-07,20 Days Net Sentiment,0.25030697859999995,7683,-1.9405574282660527
2019-06-07,Net Sentiment,0.108681505,7683,-1.9405574282660527
2019-06-06,20 Days Net Sentiment,0.24573012459999996,12241,-1.8468716599523143
2019-06-06,Net Sentiment,-1.364676089,12241,-1.8468716599523143
2019-06-05,20 Days Net Sentiment,0.3400781352,10249,-1.8878155060429171
2019-06-05,Net Sentiment,-1.081568934,10249,-1.8878155060429171
2019-06-04,20 Days Net Sentiment,0.4643418425,7424,-1.9458809504234154
2019-06-04,Net Sentiment,0.847252155,7424,-1.9458809504234154
2019-06-03,20 Days Net Sentiment,0.44437063644999997,7799,-1.9381731480720217
2019-06-03,Net Sentiment,0.950762918,7799,-1.9381731480720217
2019-06-02,20 Days Net Sentiment,0.4410605524999999,7441,-1.9455315300501521
2019-06-02,Net Sentiment,-0.296331138,7441,-1.9455315300501521
2019-06-01,20 Days Net Sentiment,0.4921275217999999,7241,-1.9496423579708952
2019-06-01,Net Sentiment,0.960502693,7241,-1.9496423579708952
2019-05-31,20 Days Net Sentiment,0.60967228585,8007,-1.9338978870344488
2019-05-31,Net Sentiment,1.3581865869999998,8007,-1.9338978870344488
2019-05-30,20 Days Net Sentiment,0.66864090535,7166,-1.9511839184411741
2019-05-30,Net Sentiment,1.162433715,7166,-1.9511839184411741
2019-05-29,20 Days Net Sentiment,0.51642028565,6599,-1.9628381155964811
2019-05-29,Net Sentiment,0.7826943479999999,6599,-1.9628381155964811
2019-05-28,20 Days Net Sentiment,0.44064875620000005,6449,-1.9659212365370387
2019-05-28,Net Sentiment,0.645836564,6449,-1.9659212365370387
2019-05-27,20 Days Net Sentiment,0.42137776135000005,5075,-1.9941626243525445
2019-05-27,Net Sentiment,0.812807882,5075,-1.9941626243525445
2019-05-26,20 Days Net Sentiment,0.40379063010000005,4791,-2.0
2019-05-26,Net Sentiment,0.495721144,4791,-2.0
2019-05-25,20 Days Net Sentiment,0.31375756519999987,5099,-1.9936693250020554
2019-05-25,Net Sentiment,0.86585605,5099,-1.9936693250020554
2019-05-24,20 Days Net Sentiment,0.37491141454999993,7307,-1.94828578475705
2019-05-24,Net Sentiment,0.49609963,7307,-1.94828578475705
2019-05-23,20 Days Net Sentiment,0.5006697715499999,10325,-1.8862533914330346
2019-05-23,Net Sentiment,1.053268765,10325,-1.8862533914330346
2019-05-22,20 Days Net Sentiment,0.55720370875,14741,-1.795486310943024
2019-05-22,Net Sentiment,0.986703751,14741,-1.795486310943024
2019-05-21,20 Days Net Sentiment,0.6611851811,17441,-1.7399901340129902
2019-05-21,Net Sentiment,-2.210022361,17441,-1.7399901340129902
2019-05-20,20 Days Net Sentiment,0.9642795525000001,14841,-1.7934308969826522
2019-05-20,Net Sentiment,-1.473957281,14841,-1.7934308969826522
2019-05-19,20 Days Net Sentiment,1.0620630091499998,6641,-1.961974841733125
2019-05-19,Net Sentiment,-0.09411233199999999,6641,-1.961974841733125
2019-05-18,20 Days Net Sentiment,1.0204463452499997,7291,-1.9486146509907096
2019-05-18,Net Sentiment,0.017144425,7291,-1.9486146509907096
2019-05-17,20 Days Net Sentiment,1.0788592962499997,8616,-1.9213804160157855
2019-05-17,Net Sentiment,0.5222841229999999,8616,-1.9213804160157855
2019-05-16,20 Days Net Sentiment,1.0859490132499998,9824,-1.8965510153744964
2019-05-16,Net Sentiment,1.403705212,9824,-1.8965510153744964
2019-05-15,20 Days Net Sentiment,0.9736431147,8932,-1.9148853079010113
2019-05-15,Net Sentiment,0.447828034,8932,-1.9148853079010113
2019-05-14,20 Days Net Sentiment,0.8858154714000002,8524,-1.9232713968593274
2019-05-14,Net Sentiment,0.884561239,8524,-1.9232713968593274
2019-05-13,20 Days Net Sentiment,0.8432370360000002,12124,-1.8492764942859492
2019-05-13,Net Sentiment,0.725008248,12124,-1.8492764942859492
2019-05-12,20 Days Net Sentiment,0.8638189217500001,27733,-1.5284469292115432
2019-05-12,Net Sentiment,3.3113979739999997,27733,-1.5284469292115432
2019-05-11,20 Days Net Sentiment,0.78552417295,32216,-1.4363027213680835
2019-05-11,Net Sentiment,2.5375589769999998,32216,-1.4363027213680835
2019-05-10,20 Days Net Sentiment,0.689929363,23733,-1.6106634876264079
2019-05-10,Net Sentiment,-1.8819786790000002,23733,-1.6106634876264079
2019-05-09,20 Days Net Sentiment,0.8392478158,15408,-1.7817766998273452
2019-05-09,Net Sentiment,-0.7327362409999999,15408,-1.7817766998273452
2019-05-08,20 Days Net Sentiment,0.89181898005,14400,-1.802495272547891
2019-05-08,Net Sentiment,0.260416667,14400,-1.802495272547891
2019-05-07,20 Days Net Sentiment,0.8091325416,32349,-1.4335690208007894
2019-05-07,Net Sentiment,0.461065257,32349,-1.4335690208007894
2019-05-06,20 Days Net Sentiment,0.7145839516500001,61658,-0.8311477431554715
2019-05-06,Net Sentiment,-1.304940154,61658,-0.8311477431554715
2019-05-05,20 Days Net Sentiment,0.7550694471500001,8557,-1.9225931102524048
2019-05-05,Net Sentiment,2.088933037,8557,-1.9225931102524048
2019-05-04,20 Days Net Sentiment,0.6720638053000002,13491,-1.8211789854476692
2019-05-04,Net Sentiment,3.01126677,13491,-1.8211789854476692
2019-05-03,20 Days Net Sentiment,0.5107861811000001,13107,-1.8290717750554961
2019-05-03,Net Sentiment,2.1839475090000002,13107,-1.8290717750554961
2019-05-02,20 Days Net Sentiment,0.28665989570000006,22191,-1.6423579708953384
2019-05-02,Net Sentiment,3.066333198,22191,-1.6423579708953384
2019-05-01,20 Days Net Sentiment,-0.009961438099999987,36433,-1.3496259146592124
2019-05-01,Net Sentiment,3.851865067,36433,-1.3496259146592124
2019-04-30,20 Days Net Sentiment,-0.26751532135,14791,-1.794458603962838
2019-04-30,Net Sentiment,0.48171185200000005,14791,-1.794458603962838
2019-04-29,20 Days Net Sentiment,-0.41673779599999994,13541,-1.8201512784674834
2019-04-29,Net Sentiment,-0.92644561,13541,-1.8201512784674834
2019-04-28,20 Days Net Sentiment,-0.40911844434999994,8824,-1.9171051549782125
2019-04-28,Net Sentiment,1.185403445,8824,-1.9171051549782125
2019-04-27,20 Days Net Sentiment,-0.4483034066,7341,-1.9475869440105238
2019-04-27,Net Sentiment,0.664078463,7341,-1.9475869440105238
2019-04-26,20 Days Net Sentiment,-0.45313950115000007,12666,-1.838136150620735
2019-04-26,Net Sentiment,-0.842412759,12666,-1.838136150620735
2019-04-25,20 Days Net Sentiment,-0.3557756391500001,14900,-1.792218202746033
2019-04-25,Net Sentiment,-1.308724832,14900,-1.792218202746033
2019-04-24,20 Days Net Sentiment,-0.31457860489999995,13791,-1.8150127435665544
2019-04-24,Net Sentiment,0.032992531,13791,-1.8150127435665544
2019-04-23,20 Days Net Sentiment,-0.3604591652999999,20125,-1.684822823316616
2019-04-23,Net Sentiment,1.1366459629999999,20125,-1.684822823316616
2019-04-22,20 Days Net Sentiment,-0.4041023313,12008,-1.8516607744799802
2019-04-22,Net Sentiment,1.745502998,12008,-1.8516607744799802
2019-04-21,20 Days Net Sentiment,-0.45696876064999997,5658,-1.9821795609635782
2019-04-21,Net Sentiment,0.6256627779999999,5658,-1.9821795609635782
2019-04-20,20 Days Net Sentiment,-0.3732454521000001,7357,-1.9472580777768642
2019-04-20,Net Sentiment,1.104390377,7357,-1.9472580777768642
2019-04-19,20 Days Net Sentiment,-0.40281779935,11516,-1.8617734111650086
2019-04-19,Net Sentiment,0.318687044,11516,-1.8617734111650086
2019-04-18,20 Days Net Sentiment,-0.37651399695000004,13816,-1.8144988900764614
2019-04-18,Net Sentiment,-1.3933121019999999,13816,-1.8144988900764614
2019-04-17,20 Days Net Sentiment,-0.18030100635000007,13375,-1.8235632656417002
2019-04-17,Net Sentiment,-1.429906542,13375,-1.8235632656417002
2019-04-16,20 Days Net Sentiment,0.011365994550000003,8491,-1.9239496834662502
2019-04-16,Net Sentiment,-0.495230244,8491,-1.9239496834662502
2019-04-15,20 Days Net Sentiment,0.035543956,6891,-1.9568363068321961
2019-04-15,Net Sentiment,0.42882020000000004,6891,-1.9568363068321961
2019-04-14,20 Days Net Sentiment,0.04780200554999989,7000,-1.954595905615391
2019-04-14,Net Sentiment,-0.214285714,7000,-1.954595905615391
2019-04-13,20 Days Net Sentiment,0.09221535080000001,15825,-1.7732056236125955
2019-04-13,Net Sentiment,-2.298578199,15825,-1.7732056236125955
2019-04-12,20 Days Net Sentiment,0.24084332030000008,21866,-1.649038066266546
2019-04-12,Net Sentiment,-2.8660934780000002,21866,-1.649038066266546
2019-04-11,20 Days Net Sentiment,0.41784705375,19050,-1.7069185233906108
2019-04-11,Net Sentiment,-1.299212598,19050,-1.7069185233906108
2019-04-10,20 Days Net Sentiment,0.5202170036999999,37441,-1.3289073419386663
2019-04-10,Net Sentiment,-2.502737641,37441,-1.3289073419386663
2019-04-09,20 Days Net Sentiment,0.6827632057999999,11950,-1.8528529145769959
2019-04-09,Net Sentiment,-0.774058577,11950,-1.8528529145769959
2019-04-08,20 Days Net Sentiment,0.7588754546999998,9858,-1.8958521746279702
2019-04-08,Net Sentiment,0.4017042,9858,-1.8958521746279702
2019-04-07,20 Days Net Sentiment,0.7761995647499998,11016,-1.8720504809668668
2019-04-07,Net Sentiment,0.567356572,11016,-1.8720504809668668
2019-04-06,20 Days Net Sentiment,0.7803485048999999,8449,-1.9248129573296062
2019-04-06,Net Sentiment,1.104864481,8449,-1.9248129573296062
2019-04-05,20 Days Net Sentiment,0.7576220495999999,9891,-1.8951738880210474
2019-04-05,Net Sentiment,-0.48478414700000005,9891,-1.8951738880210474
2019-04-04,20 Days Net Sentiment,0.8143780257,11683,-1.858340869851188
2019-04-04,Net Sentiment,-0.8846186770000001,11683,-1.858340869851188
2019-04-03,20 Days Net Sentiment,0.8911257282999999,7582,-1.942633396366028
2019-04-03,Net Sentiment,0.263782643,7582,-1.942633396366028
2019-04-02,20 Days Net Sentiment,0.84384568705,9082,-1.9118021869604538
2019-04-02,Net Sentiment,0.688174411,9082,-1.9118021869604538
2019-04-01,20 Days Net Sentiment,0.7753460574,12408,-1.8434391186384937
2019-04-01,Net Sentiment,2.300128949,12408,-1.8434391186384937
2019-03-31,20 Days Net Sentiment,0.6262487008500001,6258,-1.9698470772013483
2019-03-31,Net Sentiment,0.512943432,6258,-1.9698470772013483
2019-03-30,20 Days Net Sentiment,0.5665106201500001,6416,-1.9665995231439612
2019-03-30,Net Sentiment,0.844763092,6416,-1.9665995231439612
2019-03-29,20 Days Net Sentiment,0.49748473715,14783,-1.7946230370796679
2019-03-29,Net Sentiment,2.53094771,14783,-1.7946230370796679
2019-03-28,20 Days Net Sentiment,0.3441496232500001,11650,-1.8590191564581107
2019-03-28,Net Sentiment,2.403433476,11650,-1.8590191564581107
2019-03-27,20 Days Net Sentiment,0.19719022105000006,7283,-1.9487790841075392
2019-03-27,Net Sentiment,-0.011671015,7283,-1.9487790841075392
2019-03-26,20 Days Net Sentiment,0.17098604340000012,7975,-1.9345556195017677
2019-03-26,Net Sentiment,0.673981191,7975,-1.9345556195017677
2019-03-25,20 Days Net Sentiment,-0.13788523159999996,8133,-1.9313080654443806
2019-03-25,Net Sentiment,0.7481864009999999,8133,-1.9313080654443806
2019-03-24,20 Days Net Sentiment,-0.3428531460000001,6858,-1.9575145934391187
2019-03-24,Net Sentiment,0.650335375,6858,-1.9575145934391187
2019-03-23,20 Days Net Sentiment,-0.4136993792,6600,-1.9628175614568775
2019-03-23,Net Sentiment,-0.681818182,6600,-1.9628175614568775
2019-03-22,20 Days Net Sentiment,0.1440275253999999,8866,-1.9162418811148565
2019-03-22,Net Sentiment,-0.535754568,8866,-1.9162418811148565
2019-03-21,20 Days Net Sentiment,0.4592420602000001,11541,-1.8612595576749158
2019-03-21,Net Sentiment,-0.870375184,11541,-1.8612595576749158
2019-03-20,20 Days Net Sentiment,0.6787876646000001,9633,-1.9004768560388061
2019-03-20,Net Sentiment,-0.27665317100000003,9633,-1.9004768560388061
2019-03-19,20 Days Net Sentiment,0.6272821600000003,8291,-1.9280605113869933
2019-03-19,Net Sentiment,0.296104209,8291,-1.9280605113869933
2019-03-18,20 Days Net Sentiment,0.5787472256000001,8641,-1.9208665625256927
2019-03-18,Net Sentiment,2.106816341,8641,-1.9208665625256927
2019-03-17,20 Days Net Sentiment,0.10424072999999998,5407,-1.9873386500041108
2019-03-17,Net Sentiment,1.040318106,5407,-1.9873386500041108
2019-03-16,20 Days Net Sentiment,-0.07844862080000001,5674,-1.9818506947299186
2019-03-16,Net Sentiment,0.227352838,5674,-1.9818506947299186
2019-03-15,20 Days Net Sentiment,-0.20417759199999996,8733,-1.9189755816821508
2019-03-15,Net Sentiment,-0.534180694,8733,-1.9189755816821508
2019-03-14,20 Days Net Sentiment,0.008012066399999995,10949,-1.8734276083203156
2019-03-14,Net Sentiment,0.053429537,10949,-1.8734276083203156
2019-03-13,20 Days Net Sentiment,0.06724733879999999,9258,-1.9081846583901998
2019-03-13,Net Sentiment,-0.265716137,9258,-1.9081846583901998
2019-03-12,20 Days Net Sentiment,0.31275591039999995,7882,-1.9364671544849132
2019-03-12,Net Sentiment,0.126871352,7882,-1.9364671544849132
2019-03-11,20 Days Net Sentiment,0.807504857,9133,-1.9107539258406643
2019-03-11,Net Sentiment,-0.401292018,9133,-1.9107539258406643
2019-03-10,20 Days Net Sentiment,1.693446538,6407,-1.9667845104003947
2019-03-10,Net Sentiment,0.526767598,6407,-1.9667845104003947
2019-03-09,20 Days Net Sentiment,2.2506940199999996,7866,-1.9367960207185728
2019-03-09,Net Sentiment,0.349605899,7866,-1.9367960207185728
2019-03-08,20 Days Net Sentiment,2.4736992520000003,10007,-1.8927896078270163
2019-03-08,Net Sentiment,0.961826721,10007,-1.8927896078270163
2019-03-07,20 Days Net Sentiment,2.178089070000001,14933,-1.7915399161391103
2019-03-07,Net Sentiment,2.600616085,14933,-1.7915399161391103
2019-03-06,20 Days Net Sentiment,1.399646385400001,48282,-1.1060799144947793
2019-03-06,Net Sentiment,4.028416387,48282,-1.1060799144947793
2019-03-05,20 Days Net Sentiment,0.06465306140000035,32549,-1.429458192880046
2019-03-05,Net Sentiment,3.313005008,32549,-1.429458192880046
2019-03-04,20 Days Net Sentiment,-0.8418258335999997,14024,-1.8102236290388884
2019-03-04,Net Sentiment,1.4646320590000002,14024,-1.8102236290388884
2019-03-03,20 Days Net Sentiment,-1.5812757557999997,8475,-1.9242785496999095
2019-03-03,Net Sentiment,-0.516224189,8475,-1.9242785496999095
2019-03-02,20 Days Net Sentiment,-1.6027814170000003,9616,-1.9008262764120694
2019-03-02,Net Sentiment,-1.2915973379999999,9616,-1.9008262764120694
2019-03-01,20 Days Net Sentiment,-1.4959490458000002,17349,-1.741881114856532
2019-03-01,Net Sentiment,-2.646550233,17349,-1.741881114856532
2019-02-28,20 Days Net Sentiment,-0.9936343043999993,11924,-1.8533873222066923
2019-02-28,Net Sentiment,-1.219389467,11924,-1.8533873222066923
2019-02-27,20 Days Net Sentiment,-0.6257894687999999,14483,-1.8007892789607827
2019-02-27,Net Sentiment,-2.232617552,14483,-1.8007892789607827
2019-02-26,20 Days Net Sentiment,-0.17709381619999998,8016,-1.9337128997780153
2019-02-26,Net Sentiment,-0.623752495,8016,-1.9337128997780153
2019-02-25,20 Days Net Sentiment,-0.12500186399999996,8641,-1.9208665625256927
2019-02-25,Net Sentiment,-0.757435482,8641,-1.9208665625256927
2019-02-24,20 Days Net Sentiment,-0.1640390538,6816,-1.9583778673024748
2019-02-24,Net Sentiment,-0.13497652599999999,6816,-1.9583778673024748
2019-02-23,20 Days Net Sentiment,-0.5280064205999999,6050,-1.9741223382389212
2019-02-23,Net Sentiment,0.619834711,6050,-1.9741223382389212
2019-02-22,20 Days Net Sentiment,-0.5575719334,7366,-1.9470730905204308
2019-02-22,Net Sentiment,0.010860711,7366,-1.9470730905204308
2019-02-21,20 Days Net Sentiment,-0.7748603546000001,9524,-1.9027172572556112
2019-02-21,Net Sentiment,-0.363292734,9524,-1.9027172572556112
2019-02-20,20 Days Net Sentiment,-0.9215101908000001,10891,-1.8746197484173313
2019-02-20,Net Sentiment,-0.952621431,10891,-1.8746197484173313
2019-02-19,20 Days Net Sentiment,-0.7243031993999998,12725,-1.8369234563841157
2019-02-19,Net Sentiment,-1.95481336,12725,-1.8369234563841157
2019-02-18,20 Days Net Sentiment,-0.08415876879999988,6716,-1.9604332812628464
2019-02-18,Net Sentiment,0.472007147,6716,-1.9604332812628464
2019-02-17,20 Days Net Sentiment,-0.25913031859999985,8600,-1.921709282249445
2019-02-17,Net Sentiment,-1.075581395,8600,-1.921709282249445
2019-02-16,20 Days Net Sentiment,-0.10164189119999993,11249,-1.8672613664392008
2019-02-16,Net Sentiment,-1.096541915,11249,-1.8672613664392008
2019-02-15,20 Days Net Sentiment,0.3372099097999999,7482,-1.9446888103263997
2019-02-15,Net Sentiment,0.033413526,7482,-1.9446888103263997
2019-02-14,20 Days Net Sentiment,0.3181929747999998,9166,-1.9100756392337417
2019-02-14,Net Sentiment,1.245908793,9166,-1.9100756392337417
2019-02-13,20 Days Net Sentiment,-0.3867112824,13541,-1.8201512784674834
2019-02-13,Net Sentiment,-0.402850602,13541,-1.8201512784674834
2019-02-12,20 Days Net Sentiment,-0.2042303340000001,9249,-1.9083696456466333
2019-02-12,Net Sentiment,-0.288139258,9249,-1.9083696456466333
2019-02-11,20 Days Net Sentiment,-0.25177531880000015,9374,-1.9058003781961688
2019-02-11,Net Sentiment,1.09771709,9374,-1.9058003781961688
2019-02-10,20 Days Net Sentiment,-0.3237530912000001,10783,-1.8768395954945325
2019-02-10,Net Sentiment,-0.061671149,10783,-1.8768395954945325
2019-02-09,20 Days Net Sentiment,-0.20370357440000014,20699,-1.673024747184083
2019-02-09,Net Sentiment,-2.2786124930000002,20699,-1.673024747184083
2019-02-08,20 Days Net Sentiment,0.18665381739999987,15700,-1.7757748910630602
2019-02-08,Net Sentiment,0.50955414,15700,-1.7757748910630602
2019-02-07,20 Days Net Sentiment,-0.08253523200000007,16316,-1.763113541067171
2019-02-07,Net Sentiment,-0.5258641820000001,16316,-1.763113541067171
2019-02-06,20 Days Net Sentiment,-0.3285985972000002,14624,-1.7978911452766586
2019-02-06,Net Sentiment,0.7378282279999999,14624,-1.7978911452766586
2019-02-05,20 Days Net Sentiment,-0.8821920112000001,17407,-1.7406889747595167
2019-02-05,Net Sentiment,0.538576435,17407,-1.7406889747595167
2019-02-04,20 Days Net Sentiment,-1.5528350449999997,10449,-1.8837046781221738
2019-02-04,Net Sentiment,-0.326825534,10449,-1.8837046781221738
2019-02-03,20 Days Net Sentiment,-2.1474725557999994,9266,-1.90802022527337
2019-02-03,Net Sentiment,-0.8363911070000001,9266,-1.90802022527337
2019-02-02,20 Days Net Sentiment,-2.4211198774,15491,-1.7800707062402368
2019-02-02,Net Sentiment,-1.7561810080000002,15491,-1.7800707062402368
2019-02-01,20 Days Net Sentiment,-2.0502163052,23624,-1.612903888843213
2019-02-01,Net Sentiment,-2.030138842,23624,-1.612903888843213
2019-01-31,20 Days Net Sentiment,-1.8613714498000007,38282,-1.3116213105319412
2019-01-31,Net Sentiment,-2.814638734,38282,-1.3116213105319412
2019-01-30,20 Days Net Sentiment,-1.5730470152000002,61124,-0.8421236537038559
2019-01-30,Net Sentiment,-3.300013088,61124,-0.8421236537038559
2019-01-29,20 Days Net Sentiment,-0.7873725354500001,46416,-1.1444339389953138
2019-01-29,Net Sentiment,-2.204627715,46416,-1.1444339389953138
2019-01-28,20 Days Net Sentiment,-0.49575926625,60608,-0.8527295897393734
2019-01-28,Net Sentiment,0.098336853,60608,-0.8527295897393734
2019-01-27,20 Days Net Sentiment,-0.3494972558,16691,-1.7554057387157773
2019-01-27,Net Sentiment,-1.085914565,16691,-1.7554057387157773
2019-01-26,20 Days Net Sentiment,-0.4442711395500001,11533,-1.8614239907917454
2019-01-26,Net Sentiment,-1.373016561,11533,-1.8614239907917454
2019-01-24,20 Days Net Sentiment,-0.16055979819999994,6683,-1.961111567869769
2019-01-24,Net Sentiment,0.8357025290000001,6683,-1.961111567869769
2019-01-23,20 Days Net Sentiment,-0.16469563829999995,7200,-1.9504850776946476
2019-01-23,Net Sentiment,1.1805555559999998,7200,-1.9504850776946476
2019-01-22,20 Days Net Sentiment,-0.2312828838999999,7116,-1.95221162542136
2019-01-22,Net Sentiment,0.059021922000000004,7116,-1.95221162542136
2019-01-21,20 Days Net Sentiment,-0.3504010035499999,5991,-1.9753350324755405
2019-01-21,Net Sentiment,0.438157236,5991,-1.9753350324755405
2019-01-20,20 Days Net Sentiment,-0.5040829407999998,5533,-1.9847488284140427
2019-01-20,Net Sentiment,-0.015362371000000001,5533,-1.9847488284140427
2019-01-19,20 Days Net Sentiment,-0.5748880214,6299,-1.969004357477596
2019-01-19,Net Sentiment,-0.700904906,6299,-1.969004357477596
2019-01-18,20 Days Net Sentiment,-0.58092487085,9133,-1.9107539258406643
2019-01-18,Net Sentiment,-0.857878025,9133,-1.9107539258406643
2019-01-17,20 Days Net Sentiment,-0.5038031492499999,12099,-1.849790347776042
2019-01-17,Net Sentiment,-1.412100174,12099,-1.849790347776042
2019-01-16,20 Days Net Sentiment,-0.42981976215,8416,-1.9254912439365288
2019-01-16,Net Sentiment,0.544201521,8416,-1.9254912439365288
2019-01-15,20 Days Net Sentiment,-0.5115811776999999,10183,-1.8891720792567623
2019-01-15,Net Sentiment,1.628694884,10183,-1.8891720792567623
2019-01-14,20 Days Net Sentiment,-0.59342761395,15466,-1.7805845597303298
2019-01-14,Net Sentiment,2.5106685630000003,15466,-1.7805845597303298
2019-01-13,20 Days Net Sentiment,-0.5553526537000002,9491,-1.9033955438625338
2019-01-13,Net Sentiment,-1.364977347,9491,-1.9033955438625338
2019-01-12,20 Days Net Sentiment,-0.4318842675,22724,-1.6314026144865577
2019-01-12,Net Sentiment,-3.012673825,22724,-1.6314026144865577
2019-01-11,20 Days Net Sentiment,-0.2809672365999999,24399,-1.596974430650333
2019-01-11,Net Sentiment,-2.40440182,24399,-1.596974430650333
2019-01-10,20 Days Net Sentiment,-0.16943058984999998,12649,-1.8384855709939982
2019-01-10,Net Sentiment,-1.47561072,12649,-1.8384855709939982
2019-01-09,20 Days Net Sentiment,-0.13404857934999997,6633,-1.9621392748499549
2019-01-09,Net Sentiment,0.65355043,6633,-1.9621392748499549
2019-01-08,20 Days Net Sentiment,-0.14384151874999998,7733,-1.9395297212858669
2019-01-08,Net Sentiment,1.0131902240000001,7733,-1.9395297212858669
2019-01-07,20 Days Net Sentiment,-0.13588013724999998,8908,-1.9153786072515004
2019-01-07,Net Sentiment,-0.276156264,8908,-1.9153786072515004
2019-01-06,20 Days Net Sentiment,-0.09203482225,9450,-1.9042382635862862
2019-01-06,Net Sentiment,-1.4814814809999999,9450,-1.9042382635862862
2019-01-05,20 Days Net Sentiment,-0.003916664299999986,7058,-1.9534037655183754
2019-01-05,Net Sentiment,0.926608104,7058,-1.9534037655183754
2019-01-04,20 Days Net Sentiment,-0.04633642,6866,-1.957350160322289
2019-01-04,Net Sentiment,0.752985727,6866,-1.957350160322289
2019-01-03,20 Days Net Sentiment,-0.052758011849999974,7441,-1.9455315300501521
2019-01-03,Net Sentiment,-0.151189356,7441,-1.9455315300501521
2019-01-02,20 Days Net Sentiment,0.010062410450000009,11208,-1.8681040861629532
2019-01-02,Net Sentiment,-2.323340471,11208,-1.8681040861629532
2019-01-01,20 Days Net Sentiment,0.155001092,10924,-1.8739414618104087
2019-01-01,Net Sentiment,-2.635481509,10924,-1.8739414618104087
2018-12-31,20 Days Net Sentiment,0.30236003785,8149,-1.930979199210721
2018-12-31,Net Sentiment,-1.4314639830000002,8149,-1.930979199210721
2018-12-30,20 Days Net Sentiment,0.34982181525,7199,-1.9505056318342515
2018-12-30,Net Sentiment,-0.821641895,7199,-1.9505056318342515
2018-12-29,20 Days Net Sentiment,0.46312029655,6391,-1.967113376634054
2018-12-29,Net Sentiment,0.684556407,6391,-1.967113376634054
2018-12-28,20 Days Net Sentiment,0.45613983225000004,6216,-1.9707103510647044
2018-12-28,Net Sentiment,0.067567568,6216,-1.9707103510647044
2018-12-27,20 Days Net Sentiment,0.47330797034999994,10041,-1.89209076708049
2018-12-27,Net Sentiment,-1.09102679,10041,-1.89209076708049
2018-12-26,20 Days Net Sentiment,0.5283298068999999,9716,-1.8987708624516977
2018-12-26,Net Sentiment,-0.008233841,9716,-1.8987708624516977
2018-12-25,20 Days Net Sentiment,0.5894369546499999,8774,-1.9181328619583984
2018-12-25,Net Sentiment,3.272167768,8774,-1.9181328619583984
2018-12-24,20 Days Net Sentiment,0.48904529275,7357,-1.9472580777768642
2018-12-24,Net Sentiment,1.104390377,7357,-1.9472580777768642
2018-12-23,20 Days Net Sentiment,0.48430105040000004,7941,-1.935254460248294
2018-12-23,Net Sentiment,0.005666793000000001,7941,-1.935254460248294
2018-12-22,20 Days Net Sentiment,0.5128593071,9616,-1.9008262764120694
2018-12-22,Net Sentiment,-0.173668885,9616,-1.9008262764120694
2018-12-21,20 Days Net Sentiment,0.52761573915,9766,-1.897743155471512
2018-12-21,Net Sentiment,-0.76797051,9766,-1.897743155471512
2018-12-20,20 Days Net Sentiment,0.6396832499,11558,-1.8609101373016526
2018-12-20,Net Sentiment,0.457691642,11558,-1.8609101373016526
2018-12-19,20 Days Net Sentiment,0.6489068886,8491,-1.9239496834662502
2018-12-19,Net Sentiment,1.172417854,8491,-1.9239496834662502
2018-12-18,20 Days Net Sentiment,0.56235213815,6933,-1.9559730329688398
2018-12-18,Net Sentiment,0.600750036,6933,-1.9559730329688398
2018-12-17,20 Days Net Sentiment,0.54278584055,6533,-1.9641946888103263
2018-12-17,Net Sentiment,0.280881678,6533,-1.9641946888103263
2018-12-16,20 Days Net Sentiment,0.4409286454,7991,-1.9342267532681081
2018-12-16,Net Sentiment,0.07821299,7991,-1.9342267532681081
2018-12-15,20 Days Net Sentiment,0.29786705250000006,9807,-1.8969004357477597
2018-12-15,Net Sentiment,0.62455389,9807,-1.8969004357477597
2018-12-14,20 Days Net Sentiment,0.15890980584999997,7166,-1.9511839184411741
2018-12-14,Net Sentiment,1.10521909,7166,-1.9511839184411741
2018-12-13,20 Days Net Sentiment,0.06713882499999997,7099,-1.952561045794623
2018-12-13,Net Sentiment,0.57543316,7099,-1.952561045794623
2018-12-12,20 Days Net Sentiment,-0.07268423630000001,8566,-1.9224081229959713
2018-12-12,Net Sentiment,0.311697408,8566,-1.9224081229959713
2018-12-11,20 Days Net Sentiment,-0.046524401350000036,10016,-1.8926046205705829
2018-12-11,Net Sentiment,-0.482228435,10016,-1.8926046205705829
2018-12-10,20 Days Net Sentiment,0.043751540949999945,7616,-1.9419345556195018
2018-12-10,Net Sentiment,1.444327731,7616,-1.9419345556195018
2018-12-09,20 Days Net Sentiment,-0.013007094699999944,6808,-1.9585423004193045
2018-12-09,Net Sentiment,0.544947121,6808,-1.9585423004193045
2018-12-08,20 Days Net Sentiment,0.0014286654499999663,7191,-1.950670064951081
2018-12-08,Net Sentiment,0.41093033,7191,-1.950670064951081
2018-12-07,20 Days Net Sentiment,0.057223094249999995,9033,-1.912809339801036
2018-12-07,Net Sentiment,0.009409941,9033,-1.912809339801036
2018-12-06,20 Days Net Sentiment,0.12130153235,7966,-1.9347406067582011
2018-12-06,Net Sentiment,1.213909114,7966,-1.9347406067582011
2018-12-05,20 Days Net Sentiment,0.06827815890000002,8633,-1.9210309956425224
2018-12-05,Net Sentiment,1.26433453,8633,-1.9210309956425224
2018-12-04,20 Days Net Sentiment,-0.01916317389999999,10941,-1.8735920414371454
2018-12-04,Net Sentiment,1.00950553,10941,-1.8735920414371454
2018-12-03,20 Days Net Sentiment,0.018347679000000082,10549,-1.8816492641618021
2018-12-03,Net Sentiment,0.5768319270000001,10549,-1.8816492641618021
2018-12-02,20 Days Net Sentiment,0.10428306285000008,8933,-1.9148647537614076
2018-12-02,Net Sentiment,0.121459756,8933,-1.9148647537614076
2018-12-01,20 Days Net Sentiment,0.19344817030000008,15383,-1.7822905533174382
2018-12-01,Net Sentiment,1.473379705,15383,-1.7822905533174382
2018-11-30,20 Days Net Sentiment,0.23242967235000003,11033,-1.8717010605936035
2018-11-30,Net Sentiment,0.642164416,11033,-1.8717010605936035
2018-11-29,20 Days Net Sentiment,0.27131390270000005,12458,-1.842411411658308
2018-11-29,Net Sentiment,-0.558677155,12458,-1.842411411658308
2018-11-28,20 Days Net Sentiment,0.29538178105,9550,-1.9021828496259148
2018-11-28,Net Sentiment,0.20942408399999998,9550,-1.9021828496259148
2018-11-27,20 Days Net Sentiment,0.3544729043000001,15849,-1.7727123242621063
2018-11-27,Net Sentiment,-1.756262225,15849,-1.7727123242621063
2018-11-26,20 Days Net Sentiment,0.6026354730500001,21200,-1.662727123242621
2018-11-26,Net Sentiment,-2.783018868,21200,-1.662727123242621
2018-11-25,20 Days Net Sentiment,0.7962025370999999,11566,-1.8607457041848228
2018-11-25,Net Sentiment,-2.154591043,11566,-1.8607457041848228
2018-11-24,20 Days Net Sentiment,0.8435048033499999,9874,-1.8955233083943106
2018-11-24,Net Sentiment,-0.730200527,9874,-1.8955233083943106
2018-11-23,20 Days Net Sentiment,0.716794528,16283,-1.7637918276740936
2018-11-23,Net Sentiment,-2.221028066,16283,-1.7637918276740936
2018-11-22,20 Days Net Sentiment,0.7609523190000003,6941,-1.9558085998520103
2018-11-22,Net Sentiment,0.834894107,6941,-1.9558085998520103
2018-11-21,20 Days Net Sentiment,0.7821975352500001,7999,-1.9340623201512785
2018-11-21,Net Sentiment,1.3232904109999999,7999,-1.9340623201512785
2018-11-20,20 Days Net Sentiment,0.7904026938,7941,-1.935254460248294
2018-11-20,Net Sentiment,0.309155018,7941,-1.935254460248294
2018-11-19,20 Days Net Sentiment,0.8192217660500001,7599,-1.942283975992765
2018-11-19,Net Sentiment,0.8336623240000001,7599,-1.942283975992765
2018-11-18,20 Days Net Sentiment,0.7825280058999999,7532,-1.943661103346214
2018-11-18,Net Sentiment,1.526818906,7532,-1.943661103346214
2018-11-17,20 Days Net Sentiment,0.66291135335,8358,-1.9266833840335444
2018-11-17,Net Sentiment,1.290978703,8358,-1.9266833840335444
2018-11-16,20 Days Net Sentiment,0.6629267466,12741,-1.8365945901504563
2018-11-16,Net Sentiment,0.153441645,12741,-1.8365945901504563
2018-11-15,20 Days Net Sentiment,0.7341240952,14541,-1.799597138863767
2018-11-15,Net Sentiment,-0.484492126,14541,-1.799597138863767
2018-11-14,20 Days Net Sentiment,0.7630414904999999,11391,-1.864342678615473
2018-11-14,Net Sentiment,1.759722588,11391,-1.864342678615473
2018-11-13,20 Days Net Sentiment,0.6235726592999999,16299,-1.763462961440434
2018-11-13,Net Sentiment,2.295539604,16299,-1.763462961440434
2018-11-12,20 Days Net Sentiment,0.6097890566,10500,-1.8826564170023843
2018-11-12,Net Sentiment,1.904761905,10500,-1.8826564170023843
2018-11-11,20 Days Net Sentiment,0.6646057592,10466,-1.8833552577489105
2018-11-11,Net Sentiment,2.253009746,10466,-1.8833552577489105
2018-11-10,20 Days Net Sentiment,0.550094045,9008,-1.9133231932911288
2018-11-10,Net Sentiment,1.419849023,9008,-1.9133231932911288
2018-11-09,20 Days Net Sentiment,0.49055197555,9700,-1.8990997286853573
2018-11-09,Net Sentiment,-0.077319588,9700,-1.8990997286853573
2018-11-08,20 Days Net Sentiment,0.4446276941500001,19558,-1.696477020471923
2018-11-08,Net Sentiment,1.391246549,19558,-1.696477020471923
2018-11-07,20 Days Net Sentiment,0.3984926857500001,27557,-1.5320644577817972
2018-11-07,Net Sentiment,3.20698915,27557,-1.5320644577817972
2018-11-06,20 Days Net Sentiment,0.24819393450000007,11141,-1.8694812135164023
2018-11-06,Net Sentiment,1.088322413,11141,-1.8694812135164023
2018-11-05,20 Days Net Sentiment,0.24527802220000003,15891,-1.7718490503987503
2018-11-05,Net Sentiment,-1.2085457179999999,15891,-1.7718490503987503
2018-11-04,20 Days Net Sentiment,0.34490839295000003,36391,-1.3504891885225685
2018-11-04,Net Sentiment,-3.264406034,36391,-1.3504891885225685
2018-11-03,20 Days Net Sentiment,0.5631280316,18066,-1.7271437967606675
2018-11-03,Net Sentiment,-1.3378722459999999,18066,-1.7271437967606675
2018-11-02,20 Days Net Sentiment,0.6397147525499999,22325,-1.6396037161884403
2018-11-02,Net Sentiment,1.259798432,22325,-1.6396037161884403
2018-11-01,20 Days Net Sentiment,0.5043139350499999,12216,-1.8473855134424073
2018-11-01,Net Sentiment,1.487393582,12216,-1.8473855134424073
2018-10-31,20 Days Net Sentiment,0.4142341921999999,7391,-1.946559237030338
2018-10-31,Net Sentiment,0.885536463,7391,-1.946559237030338
2018-10-30,20 Days Net Sentiment,0.3788453965,7516,-1.9439899695798735
2018-10-30,Net Sentiment,0.09978712099999999,7516,-1.9439899695798735
2018-10-29,20 Days Net Sentiment,0.39481451525,8908,-1.9153786072515004
2018-10-29,Net Sentiment,-0.865514145,8908,-1.9153786072515004
2018-10-28,20 Days Net Sentiment,0.4297445643500001,6358,-1.9677916632409767
2018-10-28,Net Sentiment,1.291286568,6358,-1.9677916632409767
2018-10-27,20 Days Net Sentiment,0.37313056745,7766,-1.9388514346789443
2018-10-27,Net Sentiment,1.5773886169999998,7766,-1.9388514346789443
2018-10-26,20 Days Net Sentiment,0.21748948305000004,9749,-1.898092575844775
2018-10-26,Net Sentiment,0.09385578,9749,-1.898092575844775
2018-10-25,20 Days Net Sentiment,0.06013052410000004,15782,-1.7740894516155554
2018-10-25,Net Sentiment,-1.029654036,15782,-1.7740894516155554
2018-10-24,20 Days Net Sentiment,0.13809736100000006,11325,-1.8656992518293185
2018-10-24,Net Sentiment,2.01986755,11325,-1.8656992518293185
2018-10-23,20 Days Net Sentiment,0.14721212930000005,16424,-1.7608936939899695
2018-10-23,Net Sentiment,3.001095957,16424,-1.7608936939899695
2018-10-22,20 Days Net Sentiment,0.04081135359999998,6716,-1.9604332812628464
2018-10-22,Net Sentiment,-0.037224538,6716,-1.9604332812628464
2018-10-21,20 Days Net Sentiment,0.1361117089,6550,-1.9638452684370633
2018-10-21,Net Sentiment,0.229007634,6550,-1.9638452684370633
2018-10-20,20 Days Net Sentiment,0.049058358749999975,10966,-1.8730781879470526
2018-10-20,Net Sentiment,-0.9958052159999999,10966,-1.8730781879470526
2018-10-19,20 Days Net Sentiment,0.15274888854999996,8441,-1.924977390446436
2018-10-19,Net Sentiment,0.468546381,8441,-1.924977390446436
2018-10-18,20 Days Net Sentiment,0.22042479375,8283,-1.928224944503823
2018-10-18,Net Sentiment,0.201014125,8283,-1.928224944503823
2018-10-17,20 Days Net Sentiment,0.22330212089999998,7199,-1.9505056318342515
2018-10-17,Net Sentiment,1.030004167,7199,-1.9505056318342515
2018-10-16,20 Days Net Sentiment,0.2379309448,7391,-1.946559237030338
2018-10-16,Net Sentiment,0.7840616970000001,7391,-1.946559237030338
2018-10-15,20 Days Net Sentiment,0.24930391259999998,7541,-1.9434761160897804
2018-10-15,Net Sentiment,1.099986739,7541,-1.9434761160897804
2018-10-14,20 Days Net Sentiment,0.25869851505,7299,-1.9484502178738798
2018-10-14,Net Sentiment,0.193862173,7299,-1.9484502178738798
2018-10-13,20 Days Net Sentiment,0.2761557105,11307,-1.8660692263421854
2018-10-13,Net Sentiment,-1.448217918,11307,-1.8660692263421854
2018-10-12,20 Days Net Sentiment,0.37955784605000004,12858,-1.8341897558168214
2018-10-12,Net Sentiment,-0.314201275,12858,-1.8341897558168214
2018-10-11,20 Days Net Sentiment,0.49585951705,18058,-1.7273082298774973
2018-10-11,Net Sentiment,0.177760549,18058,-1.7273082298774973
2018-10-10,20 Days Net Sentiment,0.54380855765,7658,-1.9410712817561457
2018-10-10,Net Sentiment,0.41916949600000003,7658,-1.9410712817561457
2018-10-09,20 Days Net Sentiment,0.30731127755000004,9466,-1.9039093973526269
2018-10-09,Net Sentiment,-0.166913163,9466,-1.9039093973526269
